,reviews,ratings,days,options,buyer_categorys,유통기한,포장,맛 만족도
0,항상 맛있게 먹고 있습니다.,5,2024.03.26.,유통기한꽤 남았어요포장꼼꼼해요맛 만족도맛있어요,,꽤 남았어요,꼼꼼해요,맛있어요
1,너무 맛나요 ~ 짜지도 않고 적당해요~~ 다음에 또 구매할게용~,5,2024.03.25.,구매자거주인원 2인싱글유통기한꽤 남았어요포장꼼꼼해요맛 만족도맛있어요,구매자거주인원 2인싱글,꽤 남았어요,꼼꼼해요,맛있어요
2,지인추천으로 사먹고 맛있어서 두통재주문했어요. 집에서 고기먹을때 없으면 서운한 반찬이 되었습니다 ㅎㅎㅎ 이거있으면 고깃집 안부러워요 짜지도않고 아삭아삭한 식감이 중동적입니다. 다먹으면 또 시킬게요,5,2024.03.25.,유통기한아주 넉넉해요포장꼼꼼해요맛 만족도맛있어요,,아주 넉넉해요,꼼꼼해요,맛있어요
3,"흠..저희 장아찌 좋아해요..근데 궁채에 고구마에서 나오는 길다린 씽?이라고해야하나 뻣빳한 줄기가 있네요.그게 먹는데 좀 불편했어요.그리고 무말랭이는 무가 바람들어간것 같고요,초석잠은 식감이 덜익은 감자 씹는기분이에요.담부턴 걍 궁채만 시킬까싶어요.그래도 짜지않고 맛나긴해요",4,2024.03.25.,구매자거주인원 5인취학자녀 가정유통기한아주 넉넉해요포장꼼꼼해요맛 만족도맛있어요,구매자거주인원 5인취학자녀 가정,아주 넉넉해요,꼼꼼해요,맛있어요
4,아삭아삭 너무 짜지도 달지도 않고 맛있네요,5,2024.03.23.,유통기한꽤 남았어요포장적당해요맛 만족도맛있어요,,꽤 남았어요,적당해요,맛있어요
5,"맛있어요...
도착하자마자 계란후라이하나해서 밥에 먹었어요..
다른반찬 없어도 너무 맛있네요..
포장도 새지않게 아주아주 잘되었어요..
다른것도 시켜야겠어요..
다른 반찬도 있으면 너무 좋겠어요~~^^",5,2024.03.23.,구매자거주인원 4인취학자녀 가정유통기한꽤 남았어요포장꼼꼼해요맛 만족도맛있어요,구매자거주인원 4인취학자녀 가정,꽤 남았어요,꼼꼼해요,맛있어요
6,정말 맛있게 먹고있어요~~^^,5,2024.03.23.,유통기한꽤 남았어요포장꼼꼼해요맛 만족도맛있어요,,꽤 남았어요,꼼꼼해요,맛있어요
7,너무 맛있어서 계속 주문하는 곳,5,2024.03.23.,유통기한아주 넉넉해요포장꼼꼼해요맛 만족도맛있어요,,아주 넉넉해요,꼼꼼해요,맛있어요
8,저번에 맛있어서 요번에 두통,5,2024.03.23.,유통기한아주 넉넉해요포장꼼꼼해요맛 만족도맛있어요,,아주 넉넉해요,꼼꼼해요,맛있어요
9,맛있어요 근데좀달아요,3,2024.03.22.,맛 만족도평범해요유통기한꽤 남았어요포장적당해요,,평범해요,꽤 남았어요,적당해요
10,식감도 아주 아삭아삭하고 달달 짭잘해서 딱 좋아요. 밑반찬으로 적당합니드,5,2024.03.21.,구매자거주인원 2인신혼/부부유통기한아주 넉넉해요포장꼼꼼해요맛 만족도맛있어요,구매자거주인원 2인신혼/부부,아주 넉넉해요,꼼꼼해요,맛있어요
11,친정부모님이 잘드셔서서 계속주문하게되네요,5,2024.03.21.,유통기한아주 넉넉해요포장꼼꼼해요맛 만족도맛있어요,,아주 넉넉해요,꼼꼼해요,맛있어요
12,제 입맛엔 밍밍 했어요 ㅜ,5,2024.03.21.,구매자거주인원 2인신혼/부부맛 만족도평범해요유통기한아주 넉넉해요포장꼼꼼해요,구매자거주인원 2인신혼/부부,평범해요,아주 넉넉해요,꼼꼼해요
13,고기랑 같이 먹기 딱좋아요,5,2024.03.20.,유통기한아주 넉넉해요포장꼼꼼해요맛 만족도맛있어요,,아주 넉넉해요,꼼꼼해요,맛있어요
14,제 입맛엔 달고 짜고 하지만 오독한 식감은 좋네요,4,2024.03.20.,맛 만족도평범해요유통기한임박상품이에요포장적당해요,,평범해요,임박상품이에요,적당해요
15,"맛있어요 주문 다음날 배송되구 아삭하니 맛나요
근데 좀 많이 시큼헤서 신거 못드시는분들은 조금
많이 시다고 할거같아요 ㅎㅎ 제입맛에는 조금 시어요
근데 맛나요 ㅎㅎㅎ",5,2024.03.19.,유통기한아주 넉넉해요포장꼼꼼해요맛 만족도맛있어요,,아주 넉넉해요,꼼꼼해요,맛있어요
16,저도 저지만 특히 초등학생인 딸이 엄청좋아해요 이번이 두번째구매에2개 했어요^^다먹으면 또구매각입니다^^,5,2024.03.19.,유통기한아주 넉넉해요포장꼼꼼해요맛 만족도맛있어요,,아주 넉넉해요,꼼꼼해요,맛있어요
17,맛있어요.. 조금 저렴하면 좋겠습니다.,5,2024.03.19.,유통기한아주 넉넉해요포장꼼꼼해요맛 만족도맛있어요,,아주 넉넉해요,꼼꼼해요,맛있어요
18,아이도 잘 먹고 있어요,5,2024.03.19.,구매자거주인원 3인취학자녀 가정유통기한아주 넉넉해요포장꼼꼼해요맛 만족도맛있어요,구매자거주인원 3인취학자녀 가정,아주 넉넉해요,꼼꼼해요,맛있어요
19,굿~~~재주문 입니다~~!!,5,2024.03.19.,유통기한꽤 남았어요포장꼼꼼해요맛 만족도맛있어요,,꽤 남았어요,꼼꼼해요,맛있어요
20,"고기랑 맛있게 잘먹어요~~
초딩 아들 입맛에도 맛있다고 하네요~~!!",5,2024.03.19.,구매자거주인원 3인영유아 가정유통기한아주 넉넉해요포장꼼꼼해요맛 만족도맛있어요,구매자거주인원 3인영유아 가정,아주 넉넉해요,꼼꼼해요,맛있어요
21,자주 재구매하는 상품이에요,5,2024.03.16.,유통기한꽤 남았어요포장적당해요맛 만족도맛있어요,,꽤 남았어요,적당해요,맛있어요
22,진짜맛이습니다ㅋㅋ 또시킬예정 진짜괜찮음,5,2024.03.16.,구매자거주인원 3인신혼/부부유통기한아주 넉넉해요포장꼼꼼해요맛 만족도맛있어요,구매자거주인원 3인신혼/부부,아주 넉넉해요,꼼꼼해요,맛있어요
23,가족모두 너무 맛있게 잘 먹었습니다. 나중엔 아껴먹었어요. 다시 사먹을 예정입니다!!,5,2024.03.16.,구매자거주인원 4인대가족유통기한아주 넉넉해요포장적당해요맛 만족도맛있어요,구매자거주인원 4인대가족,아주 넉넉해요,적당해요,맛있어요
24,떨어질때마다 재주문하고 있습니다ㆍ입맛 돋워주는 깔끔한 맛이예요~,5,2024.03.15.,유통기한꽤 남았어요포장꼼꼼해요맛 만족도맛있어요,,꽤 남았어요,꼼꼼해요,맛있어요
25,포장도 깔끔히 잘 되어있고 아주 맛있습니다.,5,2024.03.15.,유통기한아주 넉넉해요포장꼼꼼해요맛 만족도맛있어요,,아주 넉넉해요,꼼꼼해요,맛있어요
26,입맛없는 언니한텨 보냈더니 아삭하고 맛있다고 하여 기분 좋았어요,5,2024.03.15.,유통기한꽤 남았어요포장꼼꼼해요맛 만족도맛있어요,,꽤 남았어요,꼼꼼해요,맛있어요
27,긍채를 나물로만 먹다가 식당에서 장아찌로 먹어봤더니 괜찮아서 찾아서 주문했네요. 맛있네요,5,2024.03.14.,유통기한꽤 남았어요포장꼼꼼해요맛 만족도맛있어요,,꽤 남았어요,꼼꼼해요,맛있어요
28,무조건 재구매 각 입니다,5,2024.03.14.,유통기한아주 넉넉해요포장꼼꼼해요맛 만족도맛있어요,,아주 넉넉해요,꼼꼼해요,맛있어요
29,"온 가족이 좋아해요~~ 꼬마김밥 싸먹을때 넣어주니 아이가 참 잘 먹네요^^
앞으로도 잘 부탁드립니다!!!",5,2024.03.14.,구매자거주인원 3인취학자녀 가정유통기한아주 넉넉해요포장꼼꼼해요맛 만족도맛있어요,구매자거주인원 3인취학자녀 가정,아주 넉넉해요,꼼꼼해요,맛있어요
30,"새콤하고 적당히달달하고 아주아삭하니 너무맛있습니다.
재구매의사있습니다.",5,2024.03.13.,구매자거주인원 4인유통기한꽤 남았어요포장적당해요맛 만족도맛있어요,구매자거주인원 4인,꽤 남았어요,적당해요,맛있어요
31,고기 먹을때 같이먹으면 맛있어요,5,2024.03.13.,유통기한아주 넉넉해요포장꼼꼼해요맛 만족도맛있어요,,아주 넉넉해요,꼼꼼해요,맛있어요
32,"우리집 단골메뉴로 늘 주문해서 먹고 있어요
매번 3개씩 주문해서 자취하는 딸들이 하나씩 가져가 먹고 떨어져서 다시 주문합니다~",5,2024.03.13.,구매자거주인원 4인대가족유통기한아주 넉넉해요포장꼼꼼해요맛 만족도맛있어요,구매자거주인원 4인대가족,아주 넉넉해요,꼼꼼해요,맛있어요
33,궁채 짱아찌를 너무 좋아합니다 잘 먹겠습니다,4,2024.03.12.,유통기한꽤 남았어요포장꼼꼼해요맛 만족도맛있어요,,꽤 남았어요,꼼꼼해요,맛있어요
34,오독오독 식감 좋고 맛도 좋아요,5,2024.03.12.,구매자거주인원 4인취학자녀 가정유통기한아주 넉넉해요포장꼼꼼해요맛 만족도맛있어요,구매자거주인원 4인취학자녀 가정,아주 넉넉해요,꼼꼼해요,맛있어요
35,짜지 않고  맛있어서  스파게티나 기름진음식 먹을때 좋아요,5,2024.03.12.,구매자거주인원 4인대가족유통기한꽤 남았어요포장꼼꼼해요맛 만족도맛있어요,구매자거주인원 4인대가족,꽤 남았어요,꼼꼼해요,맛있어요
36,늘 멋던거라~ 지인에게 한통 선물 했는데 너무 맛있다며~~~난리난리네요,5,2024.03.12.,구매자거주인원 2인싱글유통기한아주 넉넉해요포장꼼꼼해요맛 만족도맛있어요,구매자거주인원 2인싱글,아주 넉넉해요,꼼꼼해요,맛있어요
37,식감조아요 오독오독  씹히는 맛이 좋으네요  여행가서 맛있게  먹은 기억이  있어 여기저기  찾아봣는데  리뷰가 많아서 선택해봣는데 신맛이  강한거제외하곤 고기먹고  깔끔하게 입맛낼수  잇어 좋은것 같아요,4,2024.03.11.,구매자거주인원 4인대가족유통기한꽤 남았어요포장적당해요맛 만족도맛있어요,구매자거주인원 4인대가족,꽤 남았어요,적당해요,맛있어요
38,너무너무 맛있어요^^너무 짜거나 너무 시지도 않아서 너무 좋았답니다^^최고에요!,5,2024.03.11.,구매자거주인원 3인대가족유통기한아주 넉넉해요포장꼼꼼해요맛 만족도맛있어요,구매자거주인원 3인대가족,아주 넉넉해요,꼼꼼해요,맛있어요
39,사각사각 맛있는 장아찌 입니다^^,5,2024.03.11.,유통기한아주 넉넉해요포장꼼꼼해요맛 만족도맛있어요,,아주 넉넉해요,꼼꼼해요,맛있어요
40,첫 주문인데 맛있어요 :),5,2024.03.11.,맛 만족도평범해요유통기한꽤 남았어요포장적당해요,,평범해요,꽤 남았어요,적당해요
41,정말  맛있게  잘  먹었어요. 고기랑  먹을 때  깔끔해요.,5,2024.03.11.,유통기한아주 넉넉해요포장적당해요맛 만족도맛있어요,,아주 넉넉해요,적당해요,맛있어요
42,제가 찾던 궁체 보다  간장맛이 더 강하네요..,4,2024.03.10.,구매자거주인원 1인싱글맛 만족도평범해요유통기한아주 넉넉해요포장꼼꼼해요,구매자거주인원 1인싱글,평범해요,아주 넉넉해요,꼼꼼해요
43,아삭하니 아주 맛있어요,5,2024.03.09.,유통기한꽤 남았어요포장꼼꼼해요맛 만족도맛있어요,,꽤 남았어요,꼼꼼해요,맛있어요
44,약간 새콤한 맛이 더 강한 장아찌네요~!  잘먹겠습니다,4,2024.03.08.,유통기한꽤 남았어요포장적당해요맛 만족도맛있어요,,꽤 남았어요,적당해요,맛있어요
45,고기먹을때 한번행궈서 싸먹어요,3,2024.03.08.,구매자거주인원 4인취학자녀 가정맛 만족도평범해요유통기한꽤 남았어요포장적당해요,구매자거주인원 4인취학자녀 가정,평범해요,꽤 남았어요,적당해요
46,맛있어요. 잘 먹고 있어용,5,2024.03.07.,유통기한꽤 남았어요포장꼼꼼해요맛 만족도맛있어요,,꽤 남았어요,꼼꼼해요,맛있어요
47,좋아하는 고기집 그 맛은 아니지만 오독오독 식감 좋고 먹을만했어요,5,2024.03.07.,유통기한아주 넉넉해요포장꼼꼼해요맛 만족도맛있어요,,아주 넉넉해요,꼼꼼해요,맛있어요
48,맛잇어서 재주문햇엇는데조아오ㅡㅋ,5,2024.03.07.,유통기한아주 넉넉해요포장꼼꼼해요맛 만족도맛있어요,,아주 넉넉해요,꼼꼼해요,맛있어요
49,"맛있어서 생각날때 시켜먹었는데 이번 배송 상태는 좀 엉망이었어요
아이스팩도 없고 박스는 다 깨져서 테이프로 칭칭갑아서 왔더라구요
포장에 신경써주세요",4,2024.03.06.,유통기한꽤 남았어요포장별로예요맛 만족도맛있어요,,꽤 남았어요,별로예요,맛있어요
50,마니파세요마니파세요,5,2024.03.06.,구매자거주인원 4인대가족유통기한아주 넉넉해요포장꼼꼼해요맛 만족도맛있어요,구매자거주인원 4인대가족,아주 넉넉해요,꼼꼼해요,맛있어요
51,3번째 구매입니다 구정때 대가족들와서 너무 맛있게 잘 먹었어용,5,2024.03.06.,유통기한아주 넉넉해요포장꼼꼼해요맛 만족도맛있어요,,아주 넉넉해요,꼼꼼해요,맛있어요
52,"맛있어요~~식구들모두 잘먹어요
삼겹살먹을때 먹으니 맛있어요",5,2024.03.05.,유통기한아주 넉넉해요포장꼼꼼해요맛 만족도맛있어요,,아주 넉넉해요,꼼꼼해요,맛있어요
53,믿고 구매해요 맛도 좋아요,5,2024.03.05.,유통기한아주 넉넉해요포장꼼꼼해요맛 만족도맛있어요,,아주 넉넉해요,꼼꼼해요,맛있어요
54,아삭아삭 너무 맛있어요. 또 구입각입니다,5,2024.03.05.,유통기한꽤 남았어요포장적당해요맛 만족도맛있어요,,꽤 남았어요,적당해요,맛있어요
55,깔끔하고 맛있어요 양이 적어서 아껴먹어요ㅎㅎ,5,2024.03.05.,유통기한아주 넉넉해요포장꼼꼼해요맛 만족도맛있어요,,아주 넉넉해요,꼼꼼해요,맛있어요
56,맛있어요! 조금만 덜 달면 좋긴 하겠어요. 초딩 입맛처럼 까다로운 딸이 이게 뭐야~~~ 하더니 생각보다 괜찮네? 하면서 오도독 잘 먹어요. 가격이 좀 내려가거나 내용물이 더 실해도 좋겠습니다...^^;,4,2024.03.05.,구매자거주인원 2인취학자녀 가정유통기한꽤 남았어요포장꼼꼼해요맛 만족도맛있어요,구매자거주인원 2인취학자녀 가정,꽤 남았어요,꼼꼼해요,맛있어요
57,"고기랑 먹을 때 정말 좋아요, 다 먹으면 재구매할 예정입니다 :) 오도독한 식감이 너무 좋아용",5,2024.03.04.,유통기한아주 넉넉해요포장꼼꼼해요맛 만족도맛있어요,,아주 넉넉해요,꼼꼼해요,맛있어요
58,이번이 3번째 재구매 입니다. 자취생에게 필수 밑반찬이어서 없으면 이제 심심하네요. ㅎㅎ 너무 맛있습니다.,5,2024.03.04.,유통기한꽤 남았어요포장꼼꼼해요맛 만족도맛있어요,,꽤 남았어요,꼼꼼해요,맛있어요
59,아삭한게 너무 맛있어요,5,2024.03.04.,유통기한아주 넉넉해요포장꼼꼼해요맛 만족도맛있어요,,아주 넉넉해요,꼼꼼해요,맛있어요
60,찐맛있어요 ㅋㅋ 입맛까다로윤 남편입에서 맛있단말 나와요 ㅋ,5,2024.03.03.,유통기한아주 넉넉해요포장꼼꼼해요맛 만족도맛있어요,,아주 넉넉해요,꼼꼼해요,맛있어요
61,고기랑 먹음 앗있을것 같아용,5,2024.03.03.,맛 만족도평범해요유통기한꽤 남았어요포장꼼꼼해요,,평범해요,꽤 남았어요,꼼꼼해요
62,밑반찬으로 냉장고에 두고 먹으니 좋네요~,5,2024.03.02.,구매자거주인원 4인취학자녀 가정유통기한아주 넉넉해요포장꼼꼼해요맛 만족도맛있어요,구매자거주인원 4인취학자녀 가정,아주 넉넉해요,꼼꼼해요,맛있어요
63,부모님이 잘드시고 계세요ㅎㅎ 씹는맛이 좋은 나물장아찌 입니다 맛있어용,5,2024.03.01.,유통기한아주 넉넉해요포장꼼꼼해요맛 만족도맛있어요,,아주 넉넉해요,꼼꼼해요,맛있어요
64,"재구매로 2개 주문했어요.
진짜 믿고 먹고 있어요.
맛은 최고여요~~",5,2024.03.01.,유통기한아주 넉넉해요포장꼼꼼해요맛 만족도맛있어요,,아주 넉넉해요,꼼꼼해요,맛있어요
65,맛있게잘먹구있어요 입맛없을때 좋은거같아요,5,2024.02.29.,유통기한꽤 남았어요포장꼼꼼해요맛 만족도맛있어요,,꽤 남았어요,꼼꼼해요,맛있어요
66,깨끗하고 맛있어요.~,5,2024.02.29.,유통기한아주 넉넉해요포장꼼꼼해요맛 만족도맛있어요,,아주 넉넉해요,꼼꼼해요,맛있어요
67,"늘 맛있게 먹고 있어요
좋아요",5,2024.02.29.,맛 만족도평범해요유통기한꽤 남았어요포장적당해요,,평범해요,꽤 남았어요,적당해요
68,"궁채 장아찌중 제일맛있어요
잘먹을께요",5,2024.02.29.,유통기한꽤 남았어요포장적당해요맛 만족도맛있어요,,꽤 남았어요,적당해요,맛있어요
69,아삭아삭 맛있어서 재구매각.,5,2024.02.28.,유통기한아주 넉넉해요포장적당해요맛 만족도맛있어요,,아주 넉넉해요,적당해요,맛있어요
70,배송빠르고 잘 받았습니다.,5,2024.02.28.,유통기한아주 넉넉해요포장꼼꼼해요맛 만족도맛있어요,,아주 넉넉해요,꼼꼼해요,맛있어요
71,"상품은 좋아요 맛도 괜찮습니다
그런데 포장이 아주 엉망입니다
아이스박스 다 부서진채로 테이프로 돌돌 말려서..
택배사 문제인지.. 아이스박스 안에도 뽁뽁이나 비닐한번 더 싸서 넣어주시면 좋았을텐데 아쉽네요",5,2024.02.28.,구매자거주인원 2인신혼/부부유통기한꽤 남았어요포장별로예요맛 만족도맛있어요,구매자거주인원 2인신혼/부부,꽤 남았어요,별로예요,맛있어요
72,맛있어보이고  포장 깔끔하네요,5,2024.02.28.,구매자거주인원 1인유통기한아주 넉넉해요포장꼼꼼해요맛 만족도맛있어요,구매자거주인원 1인,아주 넉넉해요,꼼꼼해요,맛있어요
73,맛있어요 주기적으로 재구매 의사있습니다,5,2024.02.28.,유통기한아주 넉넉해요포장꼼꼼해요맛 만족도맛있어요,,아주 넉넉해요,꼼꼼해요,맛있어요
74,와우~!! 다~맛있어요 각의매력이 다있어요,5,2024.02.27.,유통기한아주 넉넉해요포장꼼꼼해요맛 만족도맛있어요,,아주 넉넉해요,꼼꼼해요,맛있어요
75,"처음시켜봤는데
아삭하고
맛있어요 
다먹으면
재구매할꺼예요
추천합니다",5,2024.02.27.,구매자거주인원 2인유통기한아주 넉넉해요포장꼼꼼해요맛 만족도맛있어요,구매자거주인원 2인,아주 넉넉해요,꼼꼼해요,맛있어요
76,"캠핑가서 친구가 가지고 온걸먹고
구매했습니다
이런 식감과 맛이라니 와우~~
잘 먹을께요
재구매 각입니다~~",5,2024.02.27.,유통기한아주 넉넉해요포장꼼꼼해요맛 만족도맛있어요,,아주 넉넉해요,꼼꼼해요,맛있어요
77,"엄마가 궁채를 너무 좋아해요~~~포장 너무 깔끔하고 좋네요^^
맛있으면 또 또 주문 할게요!!",5,2024.02.27.,유통기한아주 넉넉해요포장꼼꼼해요맛 만족도맛있어요,,아주 넉넉해요,꼼꼼해요,맛있어요
78,"아싹한 맛이 최고에요
식구들이 다 좋아하는 궁채입니다
사장님 맛있게 잘 먹겠습니다 ^^~",5,2024.02.27.,유통기한꽤 남았어요포장꼼꼼해요맛 만족도맛있어요,,꽤 남았어요,꼼꼼해요,맛있어요
79,"재구매입니다. 너무 맛있어서 시댁에 드렸어요~
받으신분 후기는 다음에^^~",5,2024.02.27.,구매자거주인원 3인취학자녀 가정유통기한아주 넉넉해요포장꼼꼼해요맛 만족도맛있어요,구매자거주인원 3인취학자녀 가정,아주 넉넉해요,꼼꼼해요,맛있어요
80,"다 먹을때쯤 되면 추가주문 합니다
짜지도 않고 무른거 없이 아삭하고 맛있고 좋아요!!!",5,2024.02.27.,유통기한아주 넉넉해요포장꼼꼼해요맛 만족도맛있어요,,아주 넉넉해요,꼼꼼해요,맛있어요
81,"안전하게 잘받았습니다.감사합니다.
맛있게 먹을께요;:",5,2024.02.27.,유통기한꽤 남았어요포장꼼꼼해요맛 만족도맛있어요,,꽤 남았어요,꼼꼼해요,맛있어요
82,"아직 안먹었어요
모듬  짱아찌 먼저  먹고있는중 입니다
유리네 는  많은 사람들이  믿고  먹는거  같아서   저도   맛나게  먹어보려 합니다",4,2024.02.27.,구매자거주인원 3인맛 만족도평범해요유통기한꽤 남았어요포장꼼꼼해요,구매자거주인원 3인,평범해요,꽤 남았어요,꼼꼼해요
83,생각보다 짜네요  ㅠㅠ,3,2024.02.26.,맛 만족도평범해요유통기한꽤 남았어요포장적당해요,,평범해요,꽤 남았어요,적당해요
84,"엇 생각보다 너무 맛있어서 놀랐어요.. 나물이랑 비벼 먹다가 궁채 잘라 넣었거든요
식감도 그렇고 단짠신맛이 다 있어서 비빔밥이 더 맛있었어요.
그래서 추가구매합니디~~",5,2024.02.26.,유통기한아주 넉넉해요포장꼼꼼해요맛 만족도맛있어요,,아주 넉넉해요,꼼꼼해요,맛있어요
85,좋아요 좋아요 좋아요,5,2024.02.25.,유통기한아주 넉넉해요포장꼼꼼해요맛 만족도맛있어요,,아주 넉넉해요,꼼꼼해요,맛있어요
86,"맛 있어서 재 구매했습니다
삼겹살과 같이 먹으면 더 맛 있어요",5,2024.02.25.,구매자거주인원 4인취학자녀 가정유통기한아주 넉넉해요포장꼼꼼해요맛 만족도맛있어요,구매자거주인원 4인취학자녀 가정,아주 넉넉해요,꼼꼼해요,맛있어요
87,아삭하고 새콤달콤 맛있어요,5,2024.02.24.,유통기한아주 넉넉해요포장꼼꼼해요맛 만족도맛있어요,,아주 넉넉해요,꼼꼼해요,맛있어요
88,"역시 궁채 식감은 아삭함의 최고!!
너무 아삭하고, 매번 반찬집 궁채샐러드 사먹다가 장아찌로 먹으니 엄마가 더 좋아하네요~",5,2024.02.23.,구매자거주인원 3인취학자녀 가정유통기한아주 넉넉해요포장꼼꼼해요맛 만족도맛있어요,구매자거주인원 3인취학자녀 가정,아주 넉넉해요,꼼꼼해요,맛있어요
89,"궁채를 좋아하는데 동네 반찬가게는 궁채를 늘 들깨무침?을 해서 처음으로 온라인으로 사봤는데 너무 짜거나 무르지도 않고 아주 맛있어요. 초석잠은 훨씬 아삭거리고 궁채 오도독하고 가격 맞추려고산 무장아찌도 무난해요. 
궁채를 기대하고 산 저는 오히려 초석잠이 더 좋았는데 동생은 궁채가 최고라네요.",5,2024.02.23.,구매자거주인원 3인유통기한아주 넉넉해요포장꼼꼼해요맛 만족도맛있어요,구매자거주인원 3인,아주 넉넉해요,꼼꼼해요,맛있어요
90,선물했어요. 포장이 꼼꼼해서 맘에 드네요.,5,2024.02.23.,맛 만족도평범해요유통기한아주 넉넉해요포장꼼꼼해요,,평범해요,아주 넉넉해요,꼼꼼해요
91,맛있어요..제입에는 약간 짜요. 물에 살짝. 담갔다가 먹어요,5,2024.02.23.,유통기한아주 넉넉해요포장꼼꼼해요맛 만족도맛있어요,,아주 넉넉해요,꼼꼼해요,맛있어요
92,맛있어서 재구매했어요,5,2024.02.22.,유통기한아주 넉넉해요포장꼼꼼해요맛 만족도맛있어요,,아주 넉넉해요,꼼꼼해요,맛있어요
93,맛있어서 재구매했어요,5,2024.02.22.,유통기한아주 넉넉해요포장꼼꼼해요맛 만족도맛있어요,,아주 넉넉해요,꼼꼼해요,맛있어요
94,세통 시켰는데 벌써 한통 다 먹었어요. 고기랑 먹을 때 넘 좋네요,5,2024.02.22.,유통기한아주 넉넉해요포장꼼꼼해요맛 만족도맛있어요,,아주 넉넉해요,꼼꼼해요,맛있어요
95,만족합니다. 맛나요.,5,2024.02.22.,구매자거주인원 2인신혼/부부유통기한아주 넉넉해요포장꼼꼼해요맛 만족도맛있어요,구매자거주인원 2인신혼/부부,아주 넉넉해요,꼼꼼해요,맛있어요
96,3번째 주문이예요~ 너무 맛있어요 감사합니다.,5,2024.02.22.,구매자거주인원 3인취학자녀 가정유통기한아주 넉넉해요포장꼼꼼해요맛 만족도맛있어요,구매자거주인원 3인취학자녀 가정,아주 넉넉해요,꼼꼼해요,맛있어요
97,진짜 다 먹으면 또 사고..주변 분들에게 추천하고..진짜 맛나요 오독오독해서 고기 먹을 때 먹으면 입안이 개운해져요 고기 없어도 밥반찬으로도 잘 먹고있어요 다 먹으면 또 사러올게요,5,2024.02.22.,유통기한아주 넉넉해요포장꼼꼼해요맛 만족도맛있어요,,아주 넉넉해요,꼼꼼해요,맛있어요
98,고기먹을때쵝오! 입맛없을때 쵝오!,5,2024.02.21.,유통기한아주 넉넉해요포장꼼꼼해요맛 만족도맛있어요,,아주 넉넉해요,꼼꼼해요,맛있어요
99,빠른배송감사합니다 잘먹을게요,4,2024.02.20.,맛 만족도평범해요유통기한아주 넉넉해요포장꼼꼼해요,,평범해요,아주 넉넉해요,꼼꼼해요
100,"아삭아삭하고 새콤하니 앗있너요
망설였는데 구매하길 잘했어요
포장도 깔끔하게 잘보내주셨네요",5,2024.02.20.,유통기한꽤 남았어요포장꼼꼼해요맛 만족도맛있어요,,꽤 남았어요,꼼꼼해요,맛있어요
101,아삭아삭하니 맛있어요,4,2024.02.20.,맛 만족도평범해요유통기한임박상품이에요포장적당해요,,평범해요,임박상품이에요,적당해요
102,아삭아삭 맛있어요ㆍ,5,2024.02.19.,유통기한꽤 남았어요포장꼼꼼해요맛 만족도맛있어요,,꽤 남았어요,꼼꼼해요,맛있어요
103,짱아치라서 그런지 궁채가 많이 짜요..,3,2024.02.19.,맛 만족도평범해요유통기한꽤 남았어요포장꼼꼼해요,,평범해요,꽤 남았어요,꼼꼼해요
104,다른곳보다 훨씬 맛나요,5,2024.02.18.,구매자거주인원 1인싱글유통기한아주 넉넉해요포장꼼꼼해요맛 만족도맛있어요,구매자거주인원 1인싱글,아주 넉넉해요,꼼꼼해요,맛있어요
105,"아삭아삭해서 식구들 다 좋아해요
소문냈더니 반응 좋아서 늘 6통씩 사서 주변 친구들과 나눕니다. 맛있고 좋아요",4,2024.02.18.,구매자거주인원 2인취학자녀 가정유통기한꽤 남았어요포장꼼꼼해요맛 만족도맛있어요,구매자거주인원 2인취학자녀 가정,꽤 남았어요,꼼꼼해요,맛있어요
106,엄마가 좋아하세요. 재구매입니다,5,2024.02.18.,구매자거주인원 2인싱글유통기한아주 넉넉해요포장꼼꼼해요맛 만족도맛있어요,구매자거주인원 2인싱글,아주 넉넉해요,꼼꼼해요,맛있어요
107,오독오독 씹히고 아주 맛있습니다.,5,2024.02.17.,유통기한아주 넉넉해요포장꼼꼼해요맛 만족도맛있어요,,아주 넉넉해요,꼼꼼해요,맛있어요
108,아이가 오독오독 맛있다고 잘먹네요^^,5,2024.02.17.,유통기한아주 넉넉해요포장꼼꼼해요맛 만족도맛있어요,,아주 넉넉해요,꼼꼼해요,맛있어요
109,어머니께서 입맛 없을때 즐겨 찾으셔서 재주문했습니다~,5,2024.02.17.,유통기한아주 넉넉해요포장꼼꼼해요맛 만족도맛있어요,,아주 넉넉해요,꼼꼼해요,맛있어요
110,맛있다.그리고 용기도 적당해서 언제든 꺼내 먹을수 있다.,5,2024.02.17.,유통기한아주 넉넉해요포장꼼꼼해요맛 만족도맛있어요,,아주 넉넉해요,꼼꼼해요,맛있어요
111,"처음엔 선물받아서  먹어보고 
고기먹을때나 평소 느끼한 음식과 함께 먹을때 궁합이 너무 좋아서 잘 먹고 있습니다. 식감도 좋고 고기 구워먹을 때 특히 함께 먹으면 좋아요.
선물받은걸 다 먹고 맛있어서 재주문해서 잘 먹고 있습니다^^",5,2024.02.16.,유통기한아주 넉넉해요포장적당해요맛 만족도맛있어요,,아주 넉넉해요,적당해요,맛있어요
112,"엄마가 궁채장아찌가 짜지도않구
넘 맛있다며 계속 주문해달래요~",5,2024.02.16.,유통기한아주 넉넉해요포장꼼꼼해요맛 만족도맛있어요,,아주 넉넉해요,꼼꼼해요,맛있어요
113,"고기먹을때 아주맛있어요 
아삭아삭하고 많이 짜지 않아서좋아요 
한번 먹어보고 재주문입니다~~ 
가격대비 양은작아요ㅜㅜ 많이 많이 주세요",5,2024.02.15.,유통기한꽤 남았어요포장꼼꼼해요맛 만족도맛있어요,,꽤 남았어요,꼼꼼해요,맛있어요
114,괜찮아요 만족합니다 번창하세요,5,2024.02.14.,유통기한아주 넉넉해요포장꼼꼼해요맛 만족도맛있어요,,아주 넉넉해요,꼼꼼해요,맛있어요
115,간편하고 맛도 너무좋아요~^^,5,2024.02.14.,구매자거주인원 3인대가족유통기한아주 넉넉해요포장꼼꼼해요맛 만족도맛있어요,구매자거주인원 3인대가족,아주 넉넉해요,꼼꼼해요,맛있어요
116,새콤 아삭 맛있네요,5,2024.02.14.,맛 만족도평범해요유통기한꽤 남았어요포장적당해요,,평범해요,꽤 남았어요,적당해요
117,친정부모님이 맛있게드셔서  두번째구입했어요 빠른배송감사해요,5,2024.02.14.,유통기한꽤 남았어요포장꼼꼼해요맛 만족도맛있어요,,꽤 남았어요,꼼꼼해요,맛있어요
118,단양여행가서 구입했는데 맛있어서 택배시켰어요,5,2024.02.14.,유통기한꽤 남았어요포장적당해요맛 만족도맛있어요,,꽤 남았어요,적당해요,맛있어요
119,"작년 가을에 단양 구경갔다가 시장에서 먹어보고 사서 왔어요~ 아이가 자꾸 먹고싶다고 해서 명함까지 찾아서 주문했네요 ^^ 
넉넉히 주문해서 김밥이나 주먹밥에도 활용하려구요^^",5,2024.02.14.,구매자거주인원 4인유통기한꽤 남았어요포장적당해요맛 만족도맛있어요,구매자거주인원 4인,꽤 남았어요,적당해요,맛있어요
120,맛있게 먹고 있어요. 포장 아주 잘되어있어 파손없이 잘 받았습니다. 뚜껑이 밀폐가 아니라 한번 열면 다른 용기에 담아 두어야해서 다소 아쉽지만...가족들 모두 아삭하며 맛있다고 잘 먹고있어요.,4,2024.02.14.,구매자거주인원 4인대가족유통기한아주 넉넉해요포장꼼꼼해요맛 만족도맛있어요,구매자거주인원 4인대가족,아주 넉넉해요,꼼꼼해요,맛있어요
121,"약간 새콤한맛이 일품입니다
개운하게 즐길수 있을듯",5,2024.02.13.,유통기한아주 넉넉해요포장꼼꼼해요맛 만족도맛있어요,,아주 넉넉해요,꼼꼼해요,맛있어요
122,맛있어요~ 식감 좋구요.. 재구매 의사 있습니다~,5,2024.02.13.,유통기한아주 넉넉해요포장꼼꼼해요맛 만족도맛있어요,,아주 넉넉해요,꼼꼼해요,맛있어요
123,항상 맛있게잘먹고있는 유리네입니다. 다른데서도 궁채장아찌 사먹어봤는데 비교할수없는맛입니다,5,2024.02.13.,유통기한아주 넉넉해요포장꼼꼼해요맛 만족도맛있어요,,아주 넉넉해요,꼼꼼해요,맛있어요
124,"장아찌로 그냥먹어도 맛나구요.
살짝양념해서 김밥에 넣어도 식감좋고 
맛있어요~
자주 애용하는 집입니다~^^",5,2024.02.12.,유통기한꽤 남았어요포장꼼꼼해요맛 만족도맛있어요,,꽤 남았어요,꼼꼼해요,맛있어요
125,잘 먹고 있습니다. 입맛을 돋우는 아삭한 맛이 일품이예요ㆍ맛있게 먹고 재주문하겠습니다.,5,2024.02.11.,유통기한아주 넉넉해요포장꼼꼼해요맛 만족도맛있어요,,아주 넉넉해요,꼼꼼해요,맛있어요
126,주문하고 하루만에 배송되어서 설연휴때 가족들과 맛있게 먹을 수 있어서  좋네요,5,2024.02.11.,유통기한아주 넉넉해요포장적당해요맛 만족도맛있어요,,아주 넉넉해요,적당해요,맛있어요
127,궁체의 꼬들감이 너무 좋아요,4,2024.02.10.,유통기한꽤 남았어요포장적당해요맛 만족도맛있어요,,꽤 남았어요,적당해요,맛있어요
128,만족합니다 ~~~~,4,2024.02.10.,맛 만족도평범해요유통기한꽤 남았어요포장적당해요,,평범해요,꽤 남았어요,적당해요
129,짜지않고 아삭아삭 좋아요,5,2024.02.09.,구매자거주인원 4인취학자녀 가정유통기한아주 넉넉해요포장꼼꼼해요맛 만족도맛있어요,구매자거주인원 4인취학자녀 가정,아주 넉넉해요,꼼꼼해요,맛있어요
130,새콤해서 입맛이 돌아요.,5,2024.02.09.,유통기한아주 넉넉해요포장꼼꼼해요맛 만족도맛있어요,,아주 넉넉해요,꼼꼼해요,맛있어요
131,포장상태엉망 귀찮아서 그냥먹습니다,2,2024.02.09.,맛 만족도평범해요유통기한꽤 남았어요포장별로예요,,평범해요,꽤 남았어요,별로예요
132,마싯어요머싯어요머깃어요머것어요,5,2024.02.08.,유통기한아주 넉넉해요포장꼼꼼해요맛 만족도맛있어요,,아주 넉넉해요,꼼꼼해요,맛있어요
133,어머니께서 많이 좋아하십니다,5,2024.02.07.,유통기한아주 넉넉해요포장꼼꼼해요맛 만족도맛있어요,,아주 넉넉해요,꼼꼼해요,맛있어요
134,"맛있어요
먹어본것중에 제일맛나요
너무달지않아좋은듯~~",4,2024.02.07.,유통기한아주 넉넉해요포장꼼꼼해요맛 만족도맛있어요,,아주 넉넉해요,꼼꼼해요,맛있어요
135,재구매해서 먹어요 맛있어요,5,2024.02.06.,유통기한아주 넉넉해요포장꼼꼼해요맛 만족도맛있어요,,아주 넉넉해요,꼼꼼해요,맛있어요
136,맛은  예전에  시켜보고 넘  만족했습니다.  이번  설에   차례음식먹고  느끼할때  새콤달콤오도독  입가심 반찬으로  먹으려고  시켰습니다.시댁어른들도  드시라고  두팩씩  시켰어요.어른들 드리기에  부끄럽지 않게 포장도 꼼꼼하고  유통기한 표기까지   좋으네요. 많이  파시구요  건강하세요^^,5,2024.02.06.,구매자거주인원 4인취학자녀 가정유통기한꽤 남았어요포장꼼꼼해요맛 만족도맛있어요,구매자거주인원 4인취학자녀 가정,꽤 남았어요,꼼꼼해요,맛있어요
137,맛있은 괜찮아요 포장은 엉망이네요,4,2024.02.06.,유통기한꽤 남았어요포장별로예요맛 만족도맛있어요,,꽤 남았어요,별로예요,맛있어요
138,"너무 맛있네요 2번째 주문이였습니다.
감사합니다.",5,2024.02.06.,유통기한아주 넉넉해요포장꼼꼼해요맛 만족도맛있어요,,아주 넉넉해요,꼼꼼해요,맛있어요
139,너무 좋아하는 음식인데 인터넷에서 판매하는줄 몰랐어요 오자마자 개봉해서 허겁지겁 반정도 먹은거 같아요 식감도 맛도 최고였어요,5,2024.02.06.,구매자거주인원 4인대가족유통기한아주 넉넉해요포장꼼꼼해요맛 만족도맛있어요,구매자거주인원 4인대가족,아주 넉넉해요,꼼꼼해요,맛있어요
140,추천합니다 맛있어요 여러번 구매했어요,5,2024.02.05.,유통기한아주 넉넉해요포장꼼꼼해요맛 만족도맛있어요,,아주 넉넉해요,꼼꼼해요,맛있어요
141,가끔 주문해먹는 제품이에요 장아찌중에 제일 맛있어요 입안이 깔끔해져요,5,2024.02.05.,유통기한꽤 남았어요포장꼼꼼해요맛 만족도맛있어요,,꽤 남았어요,꼼꼼해요,맛있어요
142,"초석잠은 자주 접했는데,
초석잠 구매하면서 보니 궁채맛집이라고 해서
궁채가 뭔지도 모르고 시켰는데, 식감이 너무 좋고
맛도 좋아요. 저는 싱겁게 먹는 편이라
30분정도 물에 담궜다 먹으니 딱이네요 추천해요 ",5,2024.02.05.,구매자거주인원 1인싱글유통기한아주 넉넉해요포장꼼꼼해요맛 만족도맛있어요,구매자거주인원 1인싱글,아주 넉넉해요,꼼꼼해요,맛있어요
143,아삭해서 구매했습니다 맛있는데 새콤달콤함이 좀 제입맛에는 강한거같아요,4,2024.02.04.,구매자거주인원 4인신혼/부부유통기한꽤 남았어요포장꼼꼼해요맛 만족도맛있어요,구매자거주인원 4인신혼/부부,꽤 남았어요,꼼꼼해요,맛있어요
144,"한식집이나 일식집에서 가끔 나올때마다 맛있어서 언젠가 만들어먹어야지 생각만했었는데 만들려고하니 또 귀차니즘이... 맛있다는 후기가 많아서 3통 주문해서 한동안 김치처럼 두고두고 먹을생각하고 한통반은 장아찌로 나머지 한통반은 오이지무침처럼 간장 꼭 짜서 무쳤는데 오독오독 너무 맛있어요ㅜ-ㅜ
생각보다 맛있어서 부모님 집에도 반씩 덜어서 보내드렸더니 움 열흘 정도면 다먹을것같아서
또 추가주문 예정입니다^-^
무침하느라 남은 간장은 만능간장처럼 병에담아서 요리할때 사용하려구요 궁채장아찌♡-♡",5,2024.02.04.,구매자거주인원 1인싱글유통기한아주 넉넉해요포장꼼꼼해요맛 만족도맛있어요,구매자거주인원 1인싱글,아주 넉넉해요,꼼꼼해요,맛있어요
145,언제 먹어도 맛있지만 고기랑 먹을 때 제일 상큼하게 맛있어요.,5,2024.02.03.,유통기한아주 넉넉해요포장꼼꼼해요맛 만족도맛있어요,,아주 넉넉해요,꼼꼼해요,맛있어요
146,"오독오독 아삭아삭 식감이 재밌어요
맛 또한 짜지않고 맛있습니다",5,2024.02.03.,유통기한아주 넉넉해요포장꼼꼼해요맛 만족도맛있어요,,아주 넉넉해요,꼼꼼해요,맛있어요
147,어느새 다먹고 다시 주문했어요 배송도 빠르고 오자마자 고기와 먹었구요 아삭하니 좋네요 고기와 궁합이 맞네요 다먹으면 다시 주문들어갑니다,5,2024.02.03.,구매자거주인원 2인신혼/부부유통기한아주 넉넉해요포장꼼꼼해요맛 만족도맛있어요,구매자거주인원 2인신혼/부부,아주 넉넉해요,꼼꼼해요,맛있어요
148,조으네요조으네요조으,5,2024.02.03.,맛 만족도평범해요유통기한꽤 남았어요포장적당해요,,평범해요,꽤 남았어요,적당해요
149,괜찮아요 식감이 좋아요,4,2024.02.02.,맛 만족도평범해요유통기한아주 넉넉해요포장꼼꼼해요,,평범해요,아주 넉넉해요,꼼꼼해요
150,맛이 상큼하고 신선합니다.,5,2024.02.02.,유통기한아주 넉넉해요포장꼼꼼해요맛 만족도맛있어요,,아주 넉넉해요,꼼꼼해요,맛있어요
151,배송도빠르고 새콤달콤 맛있어요,5,2024.02.02.,유통기한아주 넉넉해요포장꼼꼼해요맛 만족도맛있어요,,아주 넉넉해요,꼼꼼해요,맛있어요
152,안전도착! 아주맛있어용^^재 주문입니당,5,2024.02.02.,유통기한아주 넉넉해요포장꼼꼼해요맛 만족도맛있어요,,아주 넉넉해요,꼼꼼해요,맛있어요
153,"명이, 무, 궁채시켰었는데 궁채가 젤 맛있고 식감도 좋아요~!",5,2024.02.02.,유통기한꽤 남았어요포장꼼꼼해요맛 만족도맛있어요,,꽤 남았어요,꼼꼼해요,맛있어요
154,아삭아삭  사각사각 맛있습니다,5,2024.02.02.,유통기한아주 넉넉해요포장꼼꼼해요맛 만족도맛있어요,,아주 넉넉해요,꼼꼼해요,맛있어요
155,맛있게 잘 먹었습니다.,4,2024.02.01.,맛 만족도평범해요유통기한꽤 남았어요포장적당해요,,평범해요,꽤 남았어요,적당해요
156,배송 빠르고 좋아요,5,2024.01.31.,유통기한아주 넉넉해요포장꼼꼼해요맛 만족도맛있어요,,아주 넉넉해요,꼼꼼해요,맛있어요
157,장아찌류 좋아해서 시켜 봤어요 신선한 느낌이예요,4,2024.01.31.,맛 만족도평범해요유통기한꽤 남았어요포장적당해요,,평범해요,꽤 남았어요,적당해요
158,간이 세지 않고 맛있어요,5,2024.01.31.,유통기한아주 넉넉해요포장꼼꼼해요맛 만족도맛있어요,,아주 넉넉해요,꼼꼼해요,맛있어요
159,아직 먹기 전이에요. 꼼꼼한 포장 마음에 들어요.,5,2024.01.30.,유통기한아주 넉넉해요포장꼼꼼해요맛 만족도맛있어요,,아주 넉넉해요,꼼꼼해요,맛있어요
160,"고깃집서 먹어보고 맛있어서 검색해서 샀어요!!
부모님도 맛나다고 고기랑 맛나게 드셨답니다!!",5,2024.01.30.,유통기한아주 넉넉해요포장꼼꼼해요맛 만족도맛있어요,,아주 넉넉해요,꼼꼼해요,맛있어요
161,중국산이어서  별하나는  뺏어요  아삭아삭하니  식감이 좋아요  개인적으로는  식초맛이 쪼금만 덜햇어도  괜찮을것 같다는~  담근물이  남으면 버리기 아까우니다른  장아찌 만들어  넣어놔도  좋겟쥬.,4,2024.01.30.,구매자거주인원 4인대가족유통기한꽤 남았어요포장꼼꼼해요맛 만족도맛있어요,구매자거주인원 4인대가족,꽤 남았어요,꼼꼼해요,맛있어요
162,장아찌는첨구매해보내요 1kg 2병샀어요  친정엄마랑 한통씩  먹어보구 더구매할려고요  짜지않고맛있네요,5,2024.01.30.,유통기한꽤 남았어요포장적당해요맛 만족도맛있어요,,꽤 남았어요,적당해요,맛있어요
163,빠른 배송 감사합니다~,5,2024.01.30.,유통기한아주 넉넉해요포장꼼꼼해요맛 만족도맛있어요,,아주 넉넉해요,꼼꼼해요,맛있어요
164,"아삭아삭 심감이 좋아요
감칠맛도 나서 잘 먹었어요",5,2024.01.29.,유통기한아주 넉넉해요포장꼼꼼해요맛 만족도맛있어요,,아주 넉넉해요,꼼꼼해요,맛있어요
165,아삭아삭새콤달콤넘맛이좋아계속땡기는맛,5,2024.01.29.,구매자거주인원 3인대가족맛 만족도맛 없어요유통기한임박상품이에요포장별로예요,구매자거주인원 3인대가족,맛 없어요,임박상품이에요,별로예요
166,김밥이나 주먹밥에 활용도가 좋네요,4,2024.01.28.,유통기한꽤 남았어요포장꼼꼼해요맛 만족도맛있어요,,꽤 남았어요,꼼꼼해요,맛있어요
167,"맛있어서 벌써 반틈 넘게 먹었어요 
궁채 식감이 너무 좋아요",5,2024.01.28.,유통기한아주 넉넉해요포장꼼꼼해요맛 만족도맛있어요,,아주 넉넉해요,꼼꼼해요,맛있어요
168,처음 주문 했는데 진짜 맛났어요 ! 아삭아삭 식감이 너무 좋아요 또 주문할게요 :),5,2024.01.28.,유통기한아주 넉넉해요포장꼼꼼해요맛 만족도맛있어요,,아주 넉넉해요,꼼꼼해요,맛있어요
169,늘 사 먹고 있어요 느끼한 음식상에 좋아요,4,2024.01.28.,유통기한꽤 남았어요포장꼼꼼해요맛 만족도맛있어요,,꽤 남았어요,꼼꼼해요,맛있어요
170,여기 너므맛있어요 게속 재규매,5,2024.01.28.,유통기한아주 넉넉해요포장꼼꼼해요맛 만족도맛있어요,,아주 넉넉해요,꼼꼼해요,맛있어요
171,"저번에 먹어보고 순삭해서 다시시켰습니다!!
빠르고 안전한 배송 노무좋아요 ",5,2024.01.27.,유통기한아주 넉넉해요포장꼼꼼해요맛 만족도맛있어요,,아주 넉넉해요,꼼꼼해요,맛있어요
172,아삭아삭 맛나네용 ㅎㅎ,5,2024.01.27.,구매자거주인원 3인유통기한아주 넉넉해요포장꼼꼼해요맛 만족도맛있어요,구매자거주인원 3인,아주 넉넉해요,꼼꼼해요,맛있어요
173,짜지 않고 맛있습니다,5,2024.01.27.,유통기한꽤 남았어요포장꼼꼼해요맛 만족도맛있어요,,꽤 남았어요,꼼꼼해요,맛있어요
174,오돌오돌씹이는 맛도있고 넘맛있네,5,2024.01.27.,유통기한아주 넉넉해요포장꼼꼼해요맛 만족도맛있어요,,아주 넉넉해요,꼼꼼해요,맛있어요
175,김밥에 넣어 먹어도 맛있네요.,5,2024.01.26.,유통기한아주 넉넉해요포장꼼꼼해요맛 만족도맛있어요,,아주 넉넉해요,꼼꼼해요,맛있어요
176,궁채 두개는 우리집 하나는 친정에 보냈어요. 재구매 의사 있습니다. 맛있어요.,5,2024.01.26.,유통기한아주 넉넉해요포장꼼꼼해요맛 만족도맛있어요,,아주 넉넉해요,꼼꼼해요,맛있어요
177,아삭하고 맛있어요 ~ 간장맛이 마니 나긴하네요 ~  그래도 맛있어요,5,2024.01.26.,구매자거주인원 4인취학자녀 가정유통기한꽤 남았어요포장꼼꼼해요맛 만족도맛있어요,구매자거주인원 4인취학자녀 가정,꽤 남았어요,꼼꼼해요,맛있어요
178,진짜 맛있어요. 식감도 오독오독하니 좋습니다,5,2024.01.26.,유통기한아주 넉넉해요포장꼼꼼해요맛 만족도맛있어요,,아주 넉넉해요,꼼꼼해요,맛있어요
179,"궁채장아찌는 먹어본 사람만 그 미친식감을 알거에요-♡
지인 통해서 한번 먹어보곤 그맛이 그리웟는데 웬지 시골시장은 먹거리 재료가 믿을만하잖아요ㅎ
후기도 괜찮고해서 주문해봣는데,,
넘나 만족스럽네요!!
주문과 동시에 만들어서 밀폐포장까지 완벽해요:)
식감 넘나좋고 무엇보다 장아찌가 짜지않아서 굿굿!!
근데 저는 매운맛을 좋아해서 살짝 매운고추가 가미된 맛이면 정말 좋앗겟다 하는 아쉬움이 있더라구요^^;
재구매 의사 완전 있어욧",5,2024.01.25.,구매자거주인원 3인취학자녀 가정유통기한꽤 남았어요포장꼼꼼해요맛 만족도맛있어요,구매자거주인원 3인취학자녀 가정,꽤 남았어요,꼼꼼해요,맛있어요
180,"이미 다먹은지
오렌지
너무맛있어서
금방먹었어요",5,2024.01.25.,구매자거주인원 4인대가족유통기한아주 넉넉해요포장꼼꼼해요맛 만족도맛있어요,구매자거주인원 4인대가족,아주 넉넉해요,꼼꼼해요,맛있어요
181,직접가서 먹어보고 샀어요 여러번 재구매 하고 있어요 추천합니다.,4,2024.01.25.,유통기한꽤 남았어요포장꼼꼼해요맛 만족도맛있어요,,꽤 남았어요,꼼꼼해요,맛있어요
182,맛도 있고 어르신 선물로 좋아요,5,2024.01.25.,구매자거주인원 2인신혼/부부유통기한아주 넉넉해요포장꼼꼼해요맛 만족도맛있어요,구매자거주인원 2인신혼/부부,아주 넉넉해요,꼼꼼해요,맛있어요
183,오자마자 저녁 반찬으로 맛있게 먹었습니다. 보관하기에 양도 적당한 것 같습니다.,5,2024.01.24.,유통기한아주 넉넉해요포장꼼꼼해요맛 만족도맛있어요,,아주 넉넉해요,꼼꼼해요,맛있어요
184,무료배송할려고 3통 주문했어요~ 아삭하니 너무 맛있어요! 저는 매운걸 좋아해서 청양고추좀 썰어넣어보려구요 ㅎㅎ,5,2024.01.24.,구매자거주인원 2인대가족유통기한꽤 남았어요포장적당해요맛 만족도맛있어요,구매자거주인원 2인대가족,꽤 남았어요,적당해요,맛있어요
185,전에 한번 시켰는데 너무 맛있게 잘 먹어서 이번에 재주문하면서 동생네 것도 하나 주문했어요. 집에 놀러왔을 때 동생도 너무 잘 먹더라구요. 양도 푸짐한데 맛있으면 또 주문하는 게 덩연한 이치죠.,5,2024.01.24.,구매자거주인원 3인취학자녀 가정유통기한아주 넉넉해요포장별로예요맛 만족도맛있어요,구매자거주인원 3인취학자녀 가정,아주 넉넉해요,별로예요,맛있어요
186,짜지도 않고 그리 달지도 않아서 좋아요 맛있게 잘먹고 있습니다. 다음에 또 주문할게요.,5,2024.01.24.,유통기한아주 넉넉해요포장꼼꼼해요맛 만족도맛있어요,,아주 넉넉해요,꼼꼼해요,맛있어요
187,최고예요 별 다섯개 !,5,2024.01.24.,유통기한아주 넉넉해요포장꼼꼼해요맛 만족도맛있어요,,아주 넉넉해요,꼼꼼해요,맛있어요
188,식감좋아요! 근데 너무너무너무 많이 달아요.. 간장절임이 아니라 설탕절임같아요.. 간은 딱맞습니다.,5,2024.01.23.,유통기한아주 넉넉해요포장꼼꼼해요맛 만족도맛있어요,,아주 넉넉해요,꼼꼼해요,맛있어요
189,너무맛있어서선물도하고잘먹고있어요,5,2024.01.23.,구매자거주인원 1인유통기한아주 넉넉해요포장꼼꼼해요맛 만족도맛있어요,구매자거주인원 1인,아주 넉넉해요,꼼꼼해요,맛있어요
190,오독해서 맛있어요 배송도 빠르고,5,2024.01.23.,유통기한꽤 남았어요포장적당해요맛 만족도맛있어요,,꽤 남았어요,적당해요,맛있어요
191,뭔가 애매해요ㅠ 좀 더 감칠맛이 있었음 좋겠는데 새콤한 맛이 너무 강해요..,4,2024.01.22.,맛 만족도평범해요유통기한꽤 남았어요포장적당해요,,평범해요,꽤 남았어요,적당해요
192,맛있어요. 짜지도 않고 넘 시지도 않네요. 제입맛에 딱이에요. 다먹고 재구매 할 의사 200% 입니다.,5,2024.01.22.,구매자거주인원 4인유통기한아주 넉넉해요포장꼼꼼해요맛 만족도맛있어요,구매자거주인원 4인,아주 넉넉해요,꼼꼼해요,맛있어요
193,양념이 조금더 진했으면 좋겠어요  꼬들꼬들하니 맛이 있어요  무장아찌도 그렇고 간이 약한듯합니다,5,2024.01.22.,구매자거주인원 4인취학자녀 가정유통기한아주 넉넉해요포장꼼꼼해요맛 만족도맛있어요,구매자거주인원 4인취학자녀 가정,아주 넉넉해요,꼼꼼해요,맛있어요
194,야간 달긴해도 아삭아삭 식감에 따뜻한 고기한점에 싸먹으면 진짜 맛있습니다.,5,2024.01.22.,구매자거주인원 4인취학자녀 가정유통기한아주 넉넉해요포장꼼꼼해요맛 만족도맛있어요,구매자거주인원 4인취학자녀 가정,아주 넉넉해요,꼼꼼해요,맛있어요
195,오랫만에 다시 주문해서인지 더 깔끔하고 개운한 맛 그대로입니다ㆍ택배 기사분과 문의전화에 응해주신 분 모두 친절히 대응해주셔서 감사드립니다~,4,2024.01.21.,유통기한꽤 남았어요포장꼼꼼해요맛 만족도맛있어요,,꽤 남았어요,꼼꼼해요,맛있어요
196,"빠른배송 감사합니다 
파란궁채나물 무침은 먹어봤는데
장아치는 첨 먹어봤네요
오독오독  씹히는식감 간도 딱 맞고 
맛이 아주좋아요
맛나게 잘 먹을게요
감사합니다",5,2024.01.20.,구매자거주인원 3인유통기한꽤 남았어요포장꼼꼼해요맛 만족도맛있어요,구매자거주인원 3인,꽤 남았어요,꼼꼼해요,맛있어요
197,시감좋고 맛있네요 굿입니다,5,2024.01.20.,맛 만족도평범해요유통기한꽤 남았어요포장적당해요,,평범해요,꽤 남았어요,적당해요
198,맛도 좋고 간도 딱 좋고 한통 사서 먹어보고 설에 가족들 모이면 반찬으로 놓으려고 3통 더 구매 있습니다~^^,5,2024.01.20.,유통기한꽤 남았어요포장꼼꼼해요맛 만족도맛있어요,,꽤 남았어요,꼼꼼해요,맛있어요
199,아삭아삭 아주 맛나요~~,5,2024.01.20.,맛 만족도평범해요유통기한꽤 남았어요포장적당해요,,평범해요,꽤 남았어요,적당해요
200,배송이 너무 빨라서 놀랐어요 상품도 마음에 듭니다 많이파세요,5,2024.01.20.,유통기한꽤 남았어요포장꼼꼼해요맛 만족도맛있어요,,꽤 남았어요,꼼꼼해요,맛있어요
201,맛있어요!! 앞으로 여기서만 구매할께요!!,5,2024.01.19.,구매자거주인원 3인취학자녀 가정유통기한아주 넉넉해요포장꼼꼼해요맛 만족도맛있어요,구매자거주인원 3인취학자녀 가정,아주 넉넉해요,꼼꼼해요,맛있어요
202,장아찌를 몇번 먹고 늘 생각했던건데 이 양념이 그대로 버려지는것이 너무 아까워서  이번에 주문한것 다 먹고 남은 양념에  청양고추랑 마늘 슬라이스 해서 넣어 먹어봤는데 와........ 이건 양념자체가 미쳤어요 너무 맛있습니다,5,2024.01.19.,구매자거주인원 2인싱글유통기한아주 넉넉해요포장꼼꼼해요맛 만족도맛있어요,구매자거주인원 2인싱글,아주 넉넉해요,꼼꼼해요,맛있어요
203,재구매 너무너무 있습니다.,5,2024.01.19.,유통기한아주 넉넉해요포장꼼꼼해요맛 만족도맛있어요,,아주 넉넉해요,꼼꼼해요,맛있어요
204,정말 맛있어요~잘 먹겠습니다,5,2024.01.19.,유통기한아주 넉넉해요포장꼼꼼해요맛 만족도맛있어요,,아주 넉넉해요,꼼꼼해요,맛있어요
205,궁채 장아찌 오도똑 맛있어요,4,2024.01.18.,유통기한꽤 남았어요포장적당해요맛 만족도맛있어요,,꽤 남았어요,적당해요,맛있어요
206,"아삭아삭 맛있어요
삼겹살과 함께... 맛 좋아요
소고기하고도 맛 있어요",5,2024.01.18.,구매자거주인원 4인취학자녀 가정유통기한아주 넉넉해요포장꼼꼼해요맛 만족도맛있어요,구매자거주인원 4인취학자녀 가정,아주 넉넉해요,꼼꼼해요,맛있어요
207,"배송 꼼꼼하고 씰링도 뜯기쉽기 잘되어있어요!!
새콤달콤 아주 맛있습니다!!!",5,2024.01.18.,유통기한아주 넉넉해요포장꼼꼼해요맛 만족도맛있어요,,아주 넉넉해요,꼼꼼해요,맛있어요
208,맛있어서 다음에 또 구매할게요,5,2024.01.18.,유통기한아주 넉넉해요포장적당해요맛 만족도맛있어요,,아주 넉넉해요,적당해요,맛있어요
209,잘 받았습니다. 맛있게 먹겠습니다. 많이 많이 판매하세요.,5,2024.01.17.,구매자거주인원 2인신혼/부부유통기한아주 넉넉해요포장꼼꼼해요맛 만족도맛있어요,구매자거주인원 2인신혼/부부,아주 넉넉해요,꼼꼼해요,맛있어요
210,맛있습니다 짜지 않아요,5,2024.01.17.,유통기한꽤 남았어요포장꼼꼼해요맛 만족도맛있어요,,꽤 남았어요,꼼꼼해요,맛있어요
211,재구매인데 변함없이 맛있네요^^,5,2024.01.17.,유통기한아주 넉넉해요포장꼼꼼해요맛 만족도맛있어요,,아주 넉넉해요,꼼꼼해요,맛있어요
212,여러번 사먹는 중인데 진짜 고기 먹고 먹으면 그렇게 개운할 수가 없어요..3통 샀는데 금방 먹네요..,5,2024.01.16.,유통기한아주 넉넉해요포장꼼꼼해요맛 만족도맛있어요,,아주 넉넉해요,꼼꼼해요,맛있어요
213,"궁채 장아찌 맛있어서 2통 샀어요
맛있게 잘 먹을께요",5,2024.01.16.,유통기한꽤 남았어요포장적당해요맛 만족도맛있어요,,꽤 남았어요,적당해요,맛있어요
214,너무 맛잇고 식감도 좋아서 매번 재주문하고있습니다,5,2024.01.16.,구매자거주인원 4인영유아 가정유통기한아주 넉넉해요포장꼼꼼해요맛 만족도맛있어요,구매자거주인원 4인영유아 가정,아주 넉넉해요,꼼꼼해요,맛있어요
215,단양구경시장 유리네 수제 궁채장아찌 절임,4,2024.01.16.,유통기한꽤 남았어요포장적당해요맛 만족도맛있어요,,꽤 남았어요,적당해요,맛있어요
216,"짜지 않고 딱이예요
고기에 곁들이면 너무 좋아여",5,2024.01.16.,유통기한아주 넉넉해요포장꼼꼼해요맛 만족도맛있어요,,아주 넉넉해요,꼼꼼해요,맛있어요
217,우연히 먹었는데 엄마가 너무 좋아하셔서 또 주문해드렸어요 ㅎㅎㅎ,5,2024.01.16.,유통기한아주 넉넉해요포장꼼꼼해요맛 만족도맛있어요,,아주 넉넉해요,꼼꼼해요,맛있어요
218,너무 맛있어서 재구매합니다,5,2024.01.16.,유통기한아주 넉넉해요포장꼼꼼해요맛 만족도맛있어요,,아주 넉넉해요,꼼꼼해요,맛있어요
219,너무 맛있어서 재구매합니다,5,2024.01.16.,유통기한아주 넉넉해요포장꼼꼼해요맛 만족도맛있어요,,아주 넉넉해요,꼼꼼해요,맛있어요
220,빙초산이 아닌 식초로 만든 제품이라 좋아요,4,2024.01.15.,구매자거주인원 3인취학자녀 가정유통기한아주 넉넉해요포장꼼꼼해요맛 만족도맛있어요,구매자거주인원 3인취학자녀 가정,아주 넉넉해요,꼼꼼해요,맛있어요
221,고기 먹을 때 먹으려고 구매했어요,5,2024.01.14.,구매자거주인원 4인취학자녀 가정유통기한아주 넉넉해요포장꼼꼼해요맛 만족도맛있어요,구매자거주인원 4인취학자녀 가정,아주 넉넉해요,꼼꼼해요,맛있어요
222,"맛도좋고 깔끔한포장도 좋은데
양이 생각보다적어요
물량이많구요",3,2024.01.14.,구매자거주인원 3인취학자녀 가정유통기한꽤 남았어요포장꼼꼼해요맛 만족도맛있어요,구매자거주인원 3인취학자녀 가정,꽤 남았어요,꼼꼼해요,맛있어요
223,"문득 고기집에서 먹던 궁채장아찌가 먹고싶어서 검색을 통해 구입하게 됐어요
진짜 다른 중국산양념이랑은 다르네요
많이 달지 않고 새콤한 것이 밥반찬으로 딱이에요 주먹밥이랑 먹었더니 소화도 잘되는 것 같아요 ㅎㅎ",5,2024.01.13.,구매자거주인원 2인싱글유통기한아주 넉넉해요포장꼼꼼해요맛 만족도맛있어요,구매자거주인원 2인싱글,아주 넉넉해요,꼼꼼해요,맛있어요
224,짜지않아 좋고 아삭하고 맛있어요,5,2024.01.13.,유통기한꽤 남았어요포장적당해요맛 만족도맛있어요,,꽤 남았어요,적당해요,맛있어요
225,짜지않고 새콤달콤 맛나요,5,2024.01.13.,유통기한아주 넉넉해요포장꼼꼼해요맛 만족도맛있어요,,아주 넉넉해요,꼼꼼해요,맛있어요
226,맛있네요    고기에 딱이에요,5,2024.01.12.,유통기한아주 넉넉해요포장꼼꼼해요맛 만족도맛있어요,,아주 넉넉해요,꼼꼼해요,맛있어요
227,"아삭한 식감 좋구요,, 다만 간장만이 넘 많이 나요 그래도 맛있어요",4,2024.01.12.,맛 만족도평범해요유통기한꽤 남았어요포장꼼꼼해요,,평범해요,꽤 남았어요,꼼꼼해요
228,"넘 맛있어서 재주문해서 먹어요~
진짜진짜 짱입니다!",5,2024.01.12.,유통기한아주 넉넉해요포장꼼꼼해요맛 만족도맛있어요,,아주 넉넉해요,꼼꼼해요,맛있어요
229,배송 잘 받았습니다 ^^,4,2024.01.12.,유통기한아주 넉넉해요포장꼼꼼해요맛 만족도맛있어요,,아주 넉넉해요,꼼꼼해요,맛있어요
230,포장 꼼꼼하고 맛있어요,5,2024.01.11.,유통기한아주 넉넉해요포장꼼꼼해요맛 만족도맛있어요,,아주 넉넉해요,꼼꼼해요,맛있어요
231,새콤달콤 맛있어요 다먹고 또 주문할게요 ^^,5,2024.01.11.,유통기한아주 넉넉해요포장꼼꼼해요맛 만족도맛있어요,,아주 넉넉해요,꼼꼼해요,맛있어요
232,맛있어서 또 주문합니다~~~~,5,2024.01.11.,유통기한아주 넉넉해요포장꼼꼼해요맛 만족도맛있어요,,아주 넉넉해요,꼼꼼해요,맛있어요
233,부모님이 드시고 싶다고 하셔서 주문했습니다. 맛있게 잘 먹었다고 연락왔습니다,5,2024.01.11.,유통기한꽤 남았어요포장적당해요맛 만족도맛있어요,,꽤 남았어요,적당해요,맛있어요
234,빠른배송 감사합니다.,5,2024.01.11.,구매자거주인원 1인유통기한아주 넉넉해요포장꼼꼼해요맛 만족도맛있어요,구매자거주인원 1인,아주 넉넉해요,꼼꼼해요,맛있어요
235,"후기가좋아서 시켰는데 역시 맛나네요 
굿굿",5,2024.01.11.,유통기한꽤 남았어요포장꼼꼼해요맛 만족도맛있어요,,꽤 남았어요,꼼꼼해요,맛있어요
236,식감이 좋고 맛있어요~ 궁채 장아찌 처음먹어보는데 만족스럽습니다! 다음에 또 시킬게요,5,2024.01.10.,유통기한꽤 남았어요포장꼼꼼해요맛 만족도맛있어요,,꽤 남았어요,꼼꼼해요,맛있어요
237,아삭아삭하니 맛있습니다. 포장상태좋고 배송도 빨라요.,5,2024.01.10.,유통기한아주 넉넉해요포장꼼꼼해요맛 만족도맛있어요,,아주 넉넉해요,꼼꼼해요,맛있어요
238,아삭하고 진짜 맛있어요.,5,2024.01.09.,구매자거주인원 4인신혼/부부유통기한아주 넉넉해요포장꼼꼼해요맛 만족도맛있어요,구매자거주인원 4인신혼/부부,아주 넉넉해요,꼼꼼해요,맛있어요
239,앗있고 아이도 잘먹어서 좋아요,5,2024.01.08.,유통기한꽤 남았어요포장적당해요맛 만족도맛있어요,,꽤 남았어요,적당해요,맛있어요
240,너무 맛있어서 하루만에 다먹고 이만큼 남았어요!!!!3일만에 재구매합니다!!! 진짜 궁채...최고입니다...,5,2024.01.08.,유통기한아주 넉넉해요포장꼼꼼해요맛 만족도맛있어요,,아주 넉넉해요,꼼꼼해요,맛있어요
241,너무 맛있어요 추천합니다,5,2024.01.08.,유통기한아주 넉넉해요포장꼼꼼해요맛 만족도맛있어요,,아주 넉넉해요,꼼꼼해요,맛있어요
242,"아삭하니 맛있어요.
감사합니다.",5,2024.01.08.,유통기한아주 넉넉해요포장꼼꼼해요맛 만족도맛있어요,,아주 넉넉해요,꼼꼼해요,맛있어요
243,늘 주문하는 메뉴입니다.아삭하고 어디에나 어울리는 반찬입니다,5,2024.01.08.,구매자거주인원 2인싱글유통기한아주 넉넉해요포장꼼꼼해요맛 만족도맛있어요,구매자거주인원 2인싱글,아주 넉넉해요,꼼꼼해요,맛있어요
244,"아삭아삭 맛있게 먹었어요~
궁채는 딸이 좋아하네요??",5,2024.01.08.,유통기한꽤 남았어요포장꼼꼼해요맛 만족도맛있어요,,꽤 남았어요,꼼꼼해요,맛있어요
245,"너무 맛있게 먹고있습니다
다먹으면 또 구매해서 먹을생각이에요",5,2024.01.08.,유통기한아주 넉넉해요포장꼼꼼해요맛 만족도맛있어요,,아주 넉넉해요,꼼꼼해요,맛있어요
246,궁금해서 먹어봤는데 그냥그래요,5,2024.01.07.,구매자거주인원 5인대가족유통기한아주 넉넉해요포장꼼꼼해요맛 만족도맛있어요,구매자거주인원 5인대가족,아주 넉넉해요,꼼꼼해요,맛있어요
247,아이 반찬으로 구매했는데 아이도 잘 먹네요,5,2024.01.06.,유통기한아주 넉넉해요포장꼼꼼해요맛 만족도맛있어요,,아주 넉넉해요,꼼꼼해요,맛있어요
248,"사장님!! 제가 도대체 몇 병째 주문이죠?
저희 가족은 단양이란 곳을 가본적이 없는데
아이들이 궁채장아찌를 워낙 좋아해서
'단양구경시장 유리네'는 잘 알아요~ㅋ
겨울방학이라서 아이들이 집에서 밥 먹는
횟수가 늘어나서 밑반찬으로 미리 넉넉히 
주문했더니 아이들이 넘 좋아하네요~
맛있게 잘 먹을께요^^",5,2024.01.06.,구매자거주인원 4인취학자녀 가정유통기한아주 넉넉해요포장꼼꼼해요맛 만족도맛있어요,구매자거주인원 4인취학자녀 가정,아주 넉넉해요,꼼꼼해요,맛있어요
249,너무  맛있어요  질리지않는  맛  최고입니다 이제  궁채먹을려고  고기먹어요,5,2024.01.06.,유통기한아주 넉넉해요포장꼼꼼해요맛 만족도맛있어요,,아주 넉넉해요,꼼꼼해요,맛있어요
250,빠른배송  감사합니다  진짜너무맛있어요,5,2024.01.06.,유통기한아주 넉넉해요포장꼼꼼해요맛 만족도맛있어요,,아주 넉넉해요,꼼꼼해요,맛있어요
251,"항상 잘 먹고 있어요
초석잠이 더 맛있어요",5,2024.01.06.,구매자거주인원 3인취학자녀 가정유통기한아주 넉넉해요포장꼼꼼해요맛 만족도맛있어요,구매자거주인원 3인취학자녀 가정,아주 넉넉해요,꼼꼼해요,맛있어요
252,좋아요 좋아요 좋아요 좋아요 좋아요,5,2024.01.05.,구매자거주인원 3인유통기한아주 넉넉해요포장꼼꼼해요맛 만족도맛있어요,구매자거주인원 3인,아주 넉넉해요,꼼꼼해요,맛있어요
253,약간 제 입맛은 좀 짜요..그럼 밥을 좀더 먹으면 괜찮아요..다음에는 다른것도 시켜봐야 겠어요,4,2024.01.04.,구매자거주인원 1인싱글유통기한꽤 남았어요포장적당해요맛 만족도맛있어요,구매자거주인원 1인싱글,꽤 남았어요,적당해요,맛있어요
254,궁채 식감도 좋고 간이 짜지않아서 밥반찬으로 잘 먹고있어요!,5,2024.01.04.,유통기한아주 넉넉해요포장꼼꼼해요맛 만족도맛있어요,,아주 넉넉해요,꼼꼼해요,맛있어요
255,배송 잘 받았습니다!!,5,2024.01.04.,맛 만족도평범해요유통기한꽤 남았어요포장적당해요,,평범해요,꽤 남았어요,적당해요
256,"세번째 재구매 입니다. 항상 맛있게 먹고 있습니다. 
감사합니다.",5,2024.01.04.,유통기한꽤 남았어요포장꼼꼼해요맛 만족도맛있어요,,꽤 남았어요,꼼꼼해요,맛있어요
257,아이들이 좋아해서 자주시킵니다,5,2024.01.04.,유통기한꽤 남았어요포장적당해요맛 만족도맛있어요,,꽤 남았어요,적당해요,맛있어요
258,"리뷰가 너무 좋아서 샀는데 제 입엔 너무 달고 셔요;
맛이 강해서 잘게 잘라서 먹어야 할거 같아요",3,2024.01.04.,맛 만족도평범해요유통기한꽤 남았어요포장적당해요,,평범해요,꽤 남았어요,적당해요
259,"맛있어요 만들려고 하면 고생인데
편하게 사먹울수 있어서 좋아요",5,2024.01.03.,구매자거주인원 2인싱글유통기한아주 넉넉해요포장꼼꼼해요맛 만족도맛있어요,구매자거주인원 2인싱글,아주 넉넉해요,꼼꼼해요,맛있어요
260,아삭하고 새콤달콤 맛있어요,5,2024.01.03.,유통기한꽤 남았어요포장꼼꼼해요맛 만족도맛있어요,,꽤 남았어요,꼼꼼해요,맛있어요
261,몇년째 주문중입니다 맛있어요 고기먹을때 필수,5,2024.01.03.,유통기한꽤 남았어요포장꼼꼼해요맛 만족도맛있어요,,꽤 남았어요,꼼꼼해요,맛있어요
262,간이아주잘되었습니다,5,2024.01.03.,구매자거주인원 5인대가족유통기한아주 넉넉해요포장꼼꼼해요맛 만족도맛있어요,구매자거주인원 5인대가족,아주 넉넉해요,꼼꼼해요,맛있어요
263,"맛있어서 벌써 다 먹고 추가주문 했습니다.
무른거 없이 아삭하고 너무 맛있어서 자주 구매하려고 합니다.
그냥 먹어도 맛있고 양념에 무쳐먹어도 좋네요",5,2024.01.02.,유통기한아주 넉넉해요포장꼼꼼해요맛 만족도맛있어요,,아주 넉넉해요,꼼꼼해요,맛있어요
264,너무달고마음에안드네요 아쉽네요,5,2024.01.01.,구매자거주인원 4인유통기한아주 넉넉해요포장꼼꼼해요맛 만족도맛있어요,구매자거주인원 4인,아주 넉넉해요,꼼꼼해요,맛있어요
265,"엄마가 궁태주문을 원하셔서 리뷰를 꼼꼼하게 보구 주문하긴 했는데 호불호가 있는 듯 해서 주문하면서도 걱정했는데 맛있네요 질기지도 않고 아삭아삭해요 끝까지 한번 먹어보고 재주문하겠습니다!!!!

2023.12.28 제조
2024.03.28 까지",5,2024.01.01.,구매자거주인원 5인대가족유통기한꽤 남았어요포장꼼꼼해요맛 만족도맛있어요,구매자거주인원 5인대가족,꽤 남았어요,꼼꼼해요,맛있어요
266,아빠가 좋아하셔서 주문했어요 두번째 드시는데 좋아하시네어 ㅎ헤,4,2024.01.01.,맛 만족도평범해요유통기한꽤 남았어요포장적당해요,,평범해요,꽤 남았어요,적당해요
267,매번시켜먹어요 너무맛나요. 아삭아삭해요,5,2023.12.30.,유통기한아주 넉넉해요포장꼼꼼해요맛 만족도맛있어요,,아주 넉넉해요,꼼꼼해요,맛있어요
268,"무슨일이죠?.......
이거 너무 맛있어요ㅠㅜ 
자주 시켜 먹을듯!! 번창하세요~!!!!",5,2023.12.30.,유통기한꽤 남았어요포장꼼꼼해요맛 만족도맛있어요,,꽤 남았어요,꼼꼼해요,맛있어요
269,보관하기 편하게 왔습니다,4,2023.12.30.,구매자거주인원 2인대가족맛 만족도평범해요유통기한아주 넉넉해요포장꼼꼼해요,구매자거주인원 2인대가족,평범해요,아주 넉넉해요,꼼꼼해요
270,한식당 코스 먹으면 나오는 ㅎㅎ늘 아삭하고 맛있습니다. 단짠의 조화가 훌륭. 한식 뿐 아니라 느끼한 양식에도 잘 어울려요,5,2023.12.29.,유통기한아주 넉넉해요포장꼼꼼해요맛 만족도맛있어요,,아주 넉넉해요,꼼꼼해요,맛있어요
271,매번 생각나면 주문 하는 것 같아요 맛있어요,5,2023.12.27.,유통기한아주 넉넉해요포장꼼꼼해요맛 만족도맛있어요,,아주 넉넉해요,꼼꼼해요,맛있어요
272,"배송 잘 받았습니다.
아직 먹진 않았지만 빠른 배송 감사해요!",5,2023.12.27.,유통기한꽤 남았어요포장꼼꼼해요맛 만족도맛있어요,,꽤 남았어요,꼼꼼해요,맛있어요
273,또 생각나서 주문합니다. 너무 짜지 않아서 좋아요,5,2023.12.27.,유통기한아주 넉넉해요포장꼼꼼해요맛 만족도맛있어요,,아주 넉넉해요,꼼꼼해요,맛있어요
274,맛있어요 어디에나 어울리는 반찬이라 계속 시켜요,4,2023.12.26.,유통기한아주 넉넉해요포장꼼꼼해요맛 만족도맛있어요,,아주 넉넉해요,꼼꼼해요,맛있어요
275,"궁채장아찌 먹어보고 맛있어서 추가주문 했습니다.
아삭하고 맛있어서 라면, 고기, 튀김 어디에나 다 어울려서 금방 다 먹어버리게 되네요
모듬장아찌도 함께 구매했는데 양파도 아삭하고 고추도 매콤하니 좋습니다. 추가구매 의사 있습니다.",5,2023.12.26.,유통기한아주 넉넉해요포장꼼꼼해요맛 만족도맛있어요,,아주 넉넉해요,꼼꼼해요,맛있어요
276,집사람이 좋아해서 구매했어요,5,2023.12.26.,구매자거주인원 3인취학자녀 가정유통기한아주 넉넉해요포장꼼꼼해요맛 만족도맛있어요,구매자거주인원 3인취학자녀 가정,아주 넉넉해요,꼼꼼해요,맛있어요
277,"맛있어요
즐겨먹는거라 이번엔 인터넷으로 첫주문하는데 청결하게 제작한티가 나는거같아요
재구매의사있어요",5,2023.12.25.,유통기한아주 넉넉해요포장꼼꼼해요맛 만족도맛있어요,,아주 넉넉해요,꼼꼼해요,맛있어요
278,부모님이 드시고 싶어하셔서 사드렸습니다. 맛있게 드시고 계신다고 하네요,5,2023.12.25.,유통기한꽤 남았어요포장꼼꼼해요맛 만족도맛있어요,,꽤 남았어요,꼼꼼해요,맛있어요
279,궁채 좋아해서 시켰는데 요즘 밥반찬으로 잘먹고있어요^^,4,2023.12.23.,유통기한꽤 남았어요포장적당해요맛 만족도맛있어요,,꽤 남았어요,적당해요,맛있어요
280,"처음먹어보는 궁채장아찌인데 
식감좋고 맛있어요~~~",5,2023.12.23.,유통기한아주 넉넉해요포장꼼꼼해요맛 만족도맛있어요,,아주 넉넉해요,꼼꼼해요,맛있어요
281,오랜만에 재구매 했는데 여전히 여기가 제일 맛있어요!,5,2023.12.23.,유통기한꽤 남았어요포장꼼꼼해요맛 만족도맛있어요,,꽤 남았어요,꼼꼼해요,맛있어요
282,"배송도 빠르고, 음식이 신선했습니다.",5,2023.12.22.,유통기한아주 넉넉해요포장꼼꼼해요맛 만족도맛있어요,,아주 넉넉해요,꼼꼼해요,맛있어요
283,잘받았습니다~~~~,4,2023.12.22.,유통기한꽤 남았어요포장꼼꼼해요맛 만족도맛있어요,,꽤 남았어요,꼼꼼해요,맛있어요
284,빠른 배송 감사합니다. 고기 구워 먹을 때 빠지면 섭섭한 장아찌 입니다.,5,2023.12.21.,유통기한아주 넉넉해요포장꼼꼼해요맛 만족도맛있어요,,아주 넉넉해요,꼼꼼해요,맛있어요
285,"적당합니다. 맛나요. 
장아찌류 말고 다른 양념으로 다양하게 하면 좋을거 같아요.",4,2023.12.21.,맛 만족도평범해요유통기한꽤 남았어요포장적당해요,,평범해요,꽤 남았어요,적당해요
286,"맛있어요, 포장도 잘 돼어있고,",5,2023.12.21.,유통기한아주 넉넉해요포장꼼꼼해요맛 만족도맛있어요,,아주 넉넉해요,꼼꼼해요,맛있어요
287,씹는 느낌도 좋고 맛있습니다.,5,2023.12.19.,유통기한꽤 남았어요포장적당해요맛 만족도맛있어요,,꽤 남았어요,적당해요,맛있어요
288,부모님 드시라고 보내드렸는데 식감이 너무 좋고 맛있다고 좋아하셨어요~^^후기가 좋아서 믿고 주문했는데 만족스럽네요 ㅎㅎ!!,5,2023.12.19.,유통기한꽤 남았어요포장꼼꼼해요맛 만족도맛있어요,,꽤 남았어요,꼼꼼해요,맛있어요
289,"아삭한 식감, 깔끔한 용기.
고기, 피자, 스파게티 먹을때
새콤,달콤 느끼함을 잡아주네요",5,2023.12.18.,구매자거주인원 2인취학자녀 가정유통기한아주 넉넉해요포장꼼꼼해요맛 만족도맛있어요,구매자거주인원 2인취학자녀 가정,아주 넉넉해요,꼼꼼해요,맛있어요
290,"궁채 좋아해서 식당가면 추가로 주문해서 자주 시켜먹는편인데  집에서 입맛 없거나 개운한게 먹고 싶을때 먹으려고 찿아보다가 주문하게 되었어요.꼬들꼬들 식감에 간도 적당히 짜지도 않고 새콤달콤 맛있어요.2통 시켰는데 금방 먹을꺼 같네요.
잘 먹겠습니다.~^^",5,2023.12.18.,구매자거주인원 2인신혼/부부유통기한아주 넉넉해요포장꼼꼼해요맛 만족도맛있어요,구매자거주인원 2인신혼/부부,아주 넉넉해요,꼼꼼해요,맛있어요
291,적당하게 본인스타일로 가미해서 먹으면 더 맛있게 드실 수 있을 겁니다,5,2023.12.18.,맛 만족도평범해요유통기한꽤 남았어요포장적당해요,,평범해요,꽤 남았어요,적당해요
292,맛나게 잘 먹고 있어요,5,2023.12.16.,유통기한아주 넉넉해요포장꼼꼼해요맛 만족도맛있어요,,아주 넉넉해요,꼼꼼해요,맛있어요
293,"두번째 구입했어요.
 상추대는 중국산인가봐요.
설명에는 단양에서 제조한거로 되어있네요
잘 먹을게요",4,2023.12.15.,유통기한꽤 남았어요포장적당해요맛 만족도맛있어요,,꽤 남았어요,적당해요,맛있어요
294,짜지않고 깔끔하니좋아요,5,2023.12.15.,유통기한아주 넉넉해요포장꼼꼼해요맛 만족도맛있어요,,아주 넉넉해요,꼼꼼해요,맛있어요
295,"친구꺼 맛보고 너무 맛있어서 구매했어요~~
역시나 맛있네요!!",5,2023.12.15.,구매자거주인원 4인취학자녀 가정유통기한아주 넉넉해요포장적당해요맛 만족도맛있어요,구매자거주인원 4인취학자녀 가정,아주 넉넉해요,적당해요,맛있어요
296,아삭하니 맛잇어요 ...조금마니 짜요 ..짱이찌유라 어쩔수 없다샹각해요 다시 재주문할거에요,4,2023.12.15.,구매자거주인원 4인대가족맛 만족도평범해요유통기한꽤 남았어요포장적당해요,구매자거주인원 4인대가족,평범해요,꽤 남았어요,적당해요
297,신세계 입니다. 드셔 보세요,5,2023.12.14.,유통기한아주 넉넉해요포장꼼꼼해요맛 만족도맛있어요,,아주 넉넉해요,꼼꼼해요,맛있어요
298,"반찬으로 아삭하고 상큼한 단무지 좋아하시는 울 아버지가 단무지 대신 잘 드시네요
색소 첨가 단무지보다 훨씬 낫겠지요
아삭하고 맛있습니다~",5,2023.12.14.,구매자거주인원 4인대가족유통기한아주 넉넉해요포장꼼꼼해요맛 만족도맛있어요,구매자거주인원 4인대가족,아주 넉넉해요,꼼꼼해요,맛있어요
299,"초5딸 아이가 좋아해서 시켜봤어요.
아삭아삭 맛있어요 포장상태  좋아요
다음에  또 주문해야겠어요",5,2023.12.14.,구매자거주인원 3인취학자녀 가정유통기한아주 넉넉해요포장꼼꼼해요맛 만족도맛있어요,구매자거주인원 3인취학자녀 가정,아주 넉넉해요,꼼꼼해요,맛있어요
300,몸에 좋다고 해서 구입했습니다,5,2023.12.13.,유통기한아주 넉넉해요포장꼼꼼해요맛 만족도맛있어요,,아주 넉넉해요,꼼꼼해요,맛있어요
301,"맛있어요,조금짠데
밥에먹으면좀괜찮아요~~~",5,2023.12.13.,유통기한아주 넉넉해요포장꼼꼼해요맛 만족도맛있어요,,아주 넉넉해요,꼼꼼해요,맛있어요
302,너뮤 맛있어요  더 주문할걸 후회해요 매번,5,2023.12.13.,구매자거주인원 2인신혼/부부유통기한아주 넉넉해요포장꼼꼼해요맛 만족도맛있어요,구매자거주인원 2인신혼/부부,아주 넉넉해요,꼼꼼해요,맛있어요
303,밥먹을때 항상 좀 과일이나 이런 입을 씻을수있는? 장아찌류를 먹는 편인데 역시 맛있네요^^ 진짜 아무생각없이 오도독 오도독 먹다보면 순삭이에요,5,2023.12.13.,유통기한꽤 남았어요포장꼼꼼해요맛 만족도맛있어요,,꽤 남았어요,꼼꼼해요,맛있어요
304,아주아주 자알 쓰는중,5,2023.12.13.,유통기한아주 넉넉해요포장꼼꼼해요맛 만족도맛있어요,,아주 넉넉해요,꼼꼼해요,맛있어요
305,"궁채짱아찌 식감때문에 끊지 못하는 밥찬이에요
짱아찌 하나로만으로도 밥을 너무 맛있게 잘먹네요",5,2023.12.13.,유통기한아주 넉넉해요포장꼼꼼해요맛 만족도맛있어요,,아주 넉넉해요,꼼꼼해요,맛있어요
306,완전 맛있어요~~!!! 다 먹고 또 사먹을거에요~!,5,2023.12.12.,유통기한꽤 남았어요포장적당해요맛 만족도맛있어요,,꽤 남았어요,적당해요,맛있어요
307,빠른 배송과 구매하길 잘했습니다,5,2023.12.12.,유통기한꽤 남았어요포장꼼꼼해요맛 만족도맛있어요,,꽤 남았어요,꼼꼼해요,맛있어요
308,항상 구매합니다!맛있어요~,5,2023.12.12.,유통기한꽤 남았어요포장적당해요맛 만족도맛있어요,,꽤 남았어요,적당해요,맛있어요
309,"늘믿고 구매하는곳이예요 다양하게 김밥쌀때도
넣고 주먹밥할때도넣고 아삭아삭 맛나요^^",5,2023.12.12.,유통기한아주 넉넉해요포장꼼꼼해요맛 만족도맛있어요,,아주 넉넉해요,꼼꼼해요,맛있어요
310,아삭아식 너무 맛있네요 입맛없으신 엄마때문에 주문했는데  다행히 엄마도  맛있다하셔서 다행이에요,5,2023.12.12.,구매자거주인원 4인대가족유통기한아주 넉넉해요포장꼼꼼해요맛 만족도맛있어요,구매자거주인원 4인대가족,아주 넉넉해요,꼼꼼해요,맛있어요
311,제가 너무 좋아해서 주문했는데 삼겹살 구워서 가족들과 함께 아주 맛있게 먹었습니다. 아삭아삭 너무 맛있어요.,5,2023.12.11.,유통기한아주 넉넉해요포장꼼꼼해요맛 만족도맛있어요,,아주 넉넉해요,꼼꼼해요,맛있어요
312,"너무 맛있어요
고깃집에서 조금씩 주는 장아찌 먹어보고 삼채, 초석잠, 궁채 알게되어서 검색해서 구매했습니다
넘 맛있네요!!",5,2023.12.11.,구매자거주인원 4인취학자녀 가정유통기한꽤 남았어요포장꼼꼼해요맛 만족도맛있어요,구매자거주인원 4인취학자녀 가정,꽤 남았어요,꼼꼼해요,맛있어요
313,선물한 건데 맛있게 드심 좋겠네요.,5,2023.12.10.,유통기한아주 넉넉해요포장꼼꼼해요맛 만족도맛있어요,,아주 넉넉해요,꼼꼼해요,맛있어요
314,"국내에서 직접 만드신거라고 하더니 너무 아삭거리고 새콤하고 맛있네요^^
한 번에 두통을 구매하길 잘했어요.
다른 곳에서도 사서 먹어봤는데 절대 비교불가입니다!!
간은 되어 있으니 양념해서 살짝 무쳐 먹어도 맛있구요^^
김밥에 단무지 대신 넣어 먹음 아주 최상급의 김밥이 되네요^^
고기랑 곁들이면 깔끔하면서 너무 맛있네요~~",5,2023.12.10.,구매자거주인원 3인유통기한아주 넉넉해요포장꼼꼼해요맛 만족도맛있어요,구매자거주인원 3인,아주 넉넉해요,꼼꼼해요,맛있어요
315,잘받았어요. 맛있어요,4,2023.12.09.,유통기한꽤 남았어요포장적당해요맛 만족도맛있어요,,꽤 남았어요,적당해요,맛있어요
316,고기하고 같이 먹으니 깔끔하고 맛있어요^^,5,2023.12.08.,유통기한아주 넉넉해요포장꼼꼼해요맛 만족도맛있어요,,아주 넉넉해요,꼼꼼해요,맛있어요
317,"이번이 두번째 너무 맛있게 먹고 있어요.
배송도 빠르고 포장도 꼼꼼하고
입맛이 없어서 짱아찌를 먹으니 살짝씩 도네요.많이 파서요.",5,2023.12.08.,구매자거주인원 1인유통기한아주 넉넉해요포장꼼꼼해요맛 만족도맛있어요,구매자거주인원 1인,아주 넉넉해요,꼼꼼해요,맛있어요
318,항상잘먹고있어요 감사합니다,5,2023.12.08.,유통기한아주 넉넉해요포장꼼꼼해요맛 만족도맛있어요,,아주 넉넉해요,꼼꼼해요,맛있어요
319,"포장은 깔끔하고 너무 맛있어서 재구매 계속 하고 있습니다.^^
배송도 엄청빨라요",5,2023.12.08.,구매자거주인원 4인유통기한아주 넉넉해요포장꼼꼼해요맛 만족도맛있어요,구매자거주인원 4인,아주 넉넉해요,꼼꼼해요,맛있어요
320,아주아주 자알 쓰는중,5,2023.12.08.,유통기한아주 넉넉해요포장꼼꼼해요맛 만족도맛있어요,,아주 넉넉해요,꼼꼼해요,맛있어요
321,마니파세요마니파세요,5,2023.12.07.,구매자거주인원 4인대가족유통기한아주 넉넉해요포장꼼꼼해요맛 만족도맛있어요,구매자거주인원 4인대가족,아주 넉넉해요,꼼꼼해요,맛있어요
322,여기저기선물드렸는데맛있다고야단입니다,5,2023.12.07.,구매자거주인원 1인유통기한아주 넉넉해요포장꼼꼼해요맛 만족도맛있어요,구매자거주인원 1인,아주 넉넉해요,꼼꼼해요,맛있어요
323,좋아요 좋아요 좋아요,5,2023.12.07.,맛 만족도평범해요유통기한꽤 남았어요포장적당해요,,평범해요,꽤 남았어요,적당해요
324,부모님이 너무 맛있어 하셔서 떨어지지 않게 주문합니다~ 아삭아삭 맛이 좋아요,4,2023.12.07.,유통기한꽤 남았어요포장꼼꼼해요맛 만족도맛있어요,,꽤 남았어요,꼼꼼해요,맛있어요
325,맛있고 또 구매의사 있습니,5,2023.12.06.,유통기한아주 넉넉해요포장꼼꼼해요맛 만족도맛있어요,,아주 넉넉해요,꼼꼼해요,맛있어요
326,"진짜 너무 맛있어요ㅠㅠ 모든 식단에 다 어울리고, 김밥 싸먹어도 진짜 맛있어요",5,2023.12.06.,유통기한아주 넉넉해요포장꼼꼼해요맛 만족도맛있어요,,아주 넉넉해요,꼼꼼해요,맛있어요
327,말이 필요없어요.~ 두말하면 입 아프고 잔소리죠.~^^ 최고입니다  ,5,2023.12.06.,구매자거주인원 6인 이상대가족유통기한아주 넉넉해요포장꼼꼼해요맛 만족도맛있어요,구매자거주인원 6인 이상대가족,아주 넉넉해요,꼼꼼해요,맛있어요
328,빠른배송에  꼼꼼한포장  착한가격  모두만족합니다,5,2023.12.06.,유통기한아주 넉넉해요포장꼼꼼해요맛 만족도맛있어요,,아주 넉넉해요,꼼꼼해요,맛있어요
329,짜지도않고맛도좋고영양가도풍부~~~,5,2023.12.05.,구매자거주인원 1인유통기한아주 넉넉해요포장꼼꼼해요맛 만족도맛있어요,구매자거주인원 1인,아주 넉넉해요,꼼꼼해요,맛있어요
330,"짜지않고 아삭하니고
씹는맛이 일품였어요!~
3개 삿었는데 2개는 두아들집에 뺏기고 한개만 제가먹었는데 밥하고 먹기좋아서 또
재 구매 하려구요!~^",5,2023.12.05.,유통기한꽤 남았어요포장꼼꼼해요맛 만족도맛있어요,,꽤 남았어요,꼼꼼해요,맛있어요
331,"선물로 보내드렸는데 맛있다고 정말 좋아하셨어요~
역시 믿고 먹는 유리네 입니다~",5,2023.12.04.,유통기한아주 넉넉해요포장꼼꼼해요맛 만족도맛있어요,,아주 넉넉해요,꼼꼼해요,맛있어요
332,배송 하루만에 와요 잘먹겠습니다~~,5,2023.12.01.,맛 만족도평범해요유통기한꽤 남았어요포장꼼꼼해요,,평범해요,꽤 남았어요,꼼꼼해요
333,맛은 있는데 강한 맛이 부담스럽네요  더 순한 맛이면  더 좋겠어요,4,2023.12.01.,유통기한꽤 남았어요포장적당해요맛 만족도맛있어요,,꽤 남았어요,적당해요,맛있어요
334,배송도 빠르고 좋아요,5,2023.12.01.,유통기한꽤 남았어요포장적당해요맛 만족도맛있어요,,꽤 남았어요,적당해요,맛있어요
335,너무 맛있어요 다음에도 사먹을께요,5,2023.11.30.,유통기한꽤 남았어요포장꼼꼼해요맛 만족도맛있어요,,꽤 남았어요,꼼꼼해요,맛있어요
336,궁채 아삭아삭 맛있어요,5,2023.11.30.,구매자거주인원 4인유통기한아주 넉넉해요포장꼼꼼해요맛 만족도맛있어요,구매자거주인원 4인,아주 넉넉해요,꼼꼼해요,맛있어요
337,"배송 잘 받았습니다
먹어봤더니 맛있네요
새콤한맛이 조금 부족한거 같아요
잘 먹을께요",4,2023.11.30.,유통기한꽤 남았어요포장꼼꼼해요맛 만족도맛있어요,,꽤 남았어요,꼼꼼해요,맛있어요
338,잘 받았습니다 감사합니다,5,2023.11.30.,유통기한아주 넉넉해요포장꼼꼼해요맛 만족도맛있어요,,아주 넉넉해요,꼼꼼해요,맛있어요
339,궁채 역시나 맛있어요! 맛도리집이네요ㅎㅎ,5,2023.11.30.,유통기한꽤 남았어요포장적당해요맛 만족도맛있어요,,꽤 남았어요,적당해요,맛있어요
340,"너무나 맛있게 먹었던 아이 입니다
아프신 엄마가 입맛이 없어 이걸로  식사를 좀 하셨습니다 ~담에 또 구매 하겠습니다",5,2023.11.30.,유통기한아주 넉넉해요포장꼼꼼해요맛 만족도맛있어요,,아주 넉넉해요,꼼꼼해요,맛있어요
341,궁채장아찌 너무 맛있어요 재구매했네요,5,2023.11.29.,유통기한꽤 남았어요포장꼼꼼해요맛 만족도맛있어요,,꽤 남았어요,꼼꼼해요,맛있어요
342,새콤달콤 하네요! 맛나요 ㅎ,4,2023.11.29.,구매자거주인원 2인유통기한꽤 남았어요포장적당해요맛 만족도맛있어요,구매자거주인원 2인,꽤 남았어요,적당해요,맛있어요
343,궁채장아찌 맛있었네영,5,2023.11.29.,맛 만족도평범해요유통기한아주 넉넉해요포장적당해요,,평범해요,아주 넉넉해요,적당해요
344,"맛있다고 추천했는데,
엄마도 맛있다네요
저도 다 먹으면 재주문하려구요",5,2023.11.28.,구매자거주인원 3인취학자녀 가정유통기한꽤 남았어요포장적당해요맛 만족도맛있어요,구매자거주인원 3인취학자녀 가정,꽤 남았어요,적당해요,맛있어요
345,엄마 1통 드렸는데 너무 맛있다고 하셔서 더 주문해 드렸네요. 진짜 짜지도 너무 맛있어요~,5,2023.11.28.,구매자거주인원 4인유통기한아주 넉넉해요포장꼼꼼해요맛 만족도맛있어요,구매자거주인원 4인,아주 넉넉해요,꼼꼼해요,맛있어요
346,맛있었어요. 밥이랑 먹었는데 식감도 좋구 맛있어요 굿굿,5,2023.11.28.,유통기한아주 넉넉해요포장꼼꼼해요맛 만족도맛있어요,,아주 넉넉해요,꼼꼼해요,맛있어요
347,가성비 좋거 구매평이 좋길래 구매해봤어요. 우리가족 입맛엔 좀 짠 것 같지만 아삭거리는 식감도 좋고 맛있어요. 먹을 때마다 조금씩 덜어서 물에 살짝 씻어먹으면 간이 맞더라구요. 만족합니다.,4,2023.11.28.,구매자거주인원 3인취학자녀 가정유통기한아주 넉넉해요포장꼼꼼해요맛 만족도맛있어요,구매자거주인원 3인취학자녀 가정,아주 넉넉해요,꼼꼼해요,맛있어요
348,맛있어서 재구매했어요,5,2023.11.27.,유통기한아주 넉넉해요포장꼼꼼해요맛 만족도맛있어요,,아주 넉넉해요,꼼꼼해요,맛있어요
349,생각했던거 만큼 맛있어요 재주문할께요,5,2023.11.26.,구매자거주인원 3인대가족유통기한아주 넉넉해요포장꼼꼼해요맛 만족도맛있어요,구매자거주인원 3인대가족,아주 넉넉해요,꼼꼼해요,맛있어요
350,짜지않고 아삭아삭 맛있어요,5,2023.11.24.,구매자거주인원 5인대가족유통기한아주 넉넉해요포장꼼꼼해요맛 만족도맛있어요,구매자거주인원 5인대가족,아주 넉넉해요,꼼꼼해요,맛있어요
351,방부제나 첨가물이 안들어가고 국산이라 믿고 구매해봤어요 잘 먹을께요,5,2023.11.23.,맛 만족도평범해요유통기한꽤 남았어요포장적당해요,,평범해요,꽤 남았어요,적당해요
352,"사진과 같아요
맛잇어요",3,2023.11.23.,맛 만족도평범해요유통기한꽤 남았어요포장적당해요,,평범해요,꽤 남았어요,적당해요
353,평소에 좋아했던 궁채 장아찌라 구매했어요 맛은 있는데 조금 신것 같아요,4,2023.11.23.,구매자거주인원 2인취학자녀 가정유통기한꽤 남았어요포장적당해요맛 만족도맛있어요,구매자거주인원 2인취학자녀 가정,꽤 남았어요,적당해요,맛있어요
354,빠른 배송 감사 합니다 ㅎㅎ 맛있어요,5,2023.11.23.,유통기한아주 넉넉해요포장적당해요맛 만족도맛있어요,,아주 넉넉해요,적당해요,맛있어요
355,"맛있어요ㅎㅎ 
빨갛게 무쳐서 먹어도 맛잇구요ㅎㅎ",5,2023.11.23.,구매자거주인원 2인신혼/부부유통기한아주 넉넉해요포장꼼꼼해요맛 만족도맛있어요,구매자거주인원 2인신혼/부부,아주 넉넉해요,꼼꼼해요,맛있어요
356,오도독 오도독 식감이 좋네요 저녁에 삼겹살이랑 맛있게 먹었어요 금방 다 먹을듯 하네요,5,2023.11.22.,유통기한꽤 남았어요포장적당해요맛 만족도맛있어요,,꽤 남았어요,적당해요,맛있어요
357,단골맛집 친구에 친구  막 소개시켜주고 있는데 다들 너무 맛있데요  근데  기본맛에  청꼬썰고 슬라이스마늘 넣고  같이 넣어먹어도 너무 맛있습니다 정말 정말 맛집,5,2023.11.22.,구매자거주인원 2인싱글유통기한아주 넉넉해요포장꼼꼼해요맛 만족도맛있어요,구매자거주인원 2인싱글,아주 넉넉해요,꼼꼼해요,맛있어요
358,궁채 너무 맛있어서 늘 직장 동료들과 함께 주문해요. 배송 진짜 빨라서 만족도 최상입니다. 아삭아삭한 식감이 좋아 아이들도 잘 먹어요,5,2023.11.22.,유통기한꽤 남았어요포장꼼꼼해요맛 만족도맛있어요,,꽤 남았어요,꼼꼼해요,맛있어요
359,단양구경시장 유리네 수제 궁채장아찌 절임,4,2023.11.22.,유통기한꽤 남았어요포장꼼꼼해요맛 만족도맛있어요,,꽤 남았어요,꼼꼼해요,맛있어요
360,입맛없을때 밥도둑입니다 맛나요 식감은 또 어떻게요~ 아삭아삭 맛있어요,5,2023.11.22.,유통기한아주 넉넉해요포장꼼꼼해요맛 만족도맛있어요,,아주 넉넉해요,꼼꼼해요,맛있어요
361,밥도둑 맛도좋고가격도좋네요,5,2023.11.22.,구매자거주인원 2인유통기한아주 넉넉해요포장꼼꼼해요맛 만족도맛있어요,구매자거주인원 2인,아주 넉넉해요,꼼꼼해요,맛있어요
362,"ㅎ ㅎ 맛있어요♡
강추입니다~~",5,2023.11.21.,구매자거주인원 3인취학자녀 가정유통기한아주 넉넉해요포장꼼꼼해요맛 만족도맛있어요,구매자거주인원 3인취학자녀 가정,아주 넉넉해요,꼼꼼해요,맛있어요
363,포장 꼼꼼하게 잘 왔으니 맛도 좋을듯해요,5,2023.11.21.,유통기한아주 넉넉해요포장꼼꼼해요맛 만족도맛있어요,,아주 넉넉해요,꼼꼼해요,맛있어요
364,"떨어지기 전에 미리 쟁여 놓는 밑반찬입니다.
김밥 쌀 때 단무지 대신 아주 좋습니다.",5,2023.11.21.,유통기한아주 넉넉해요포장꼼꼼해요맛 만족도맛있어요,,아주 넉넉해요,꼼꼼해요,맛있어요
365,넘 맛있어요~ 또또 주문하겠습니다.,5,2023.11.20.,구매자거주인원 3인취학자녀 가정유통기한꽤 남았어요포장꼼꼼해요맛 만족도맛있어요,구매자거주인원 3인취학자녀 가정,꽤 남았어요,꼼꼼해요,맛있어요
366,"아삭한 식감이 매우 좋으며,감칠맛이 나서 너무 좋아요 하지만 신맛이 넘 강해 아쉽네요",4,2023.11.20.,유통기한아주 넉넉해요포장꼼꼼해요맛 만족도맛있어요,,아주 넉넉해요,꼼꼼해요,맛있어요
367,오독오독하고 맛있어요. 주변에 얘기해서 항상 같이 시켜요.,5,2023.11.20.,유통기한꽤 남았어요포장꼼꼼해요맛 만족도맛있어요,,꽤 남았어요,꼼꼼해요,맛있어요
368,"진짜진짜 2키로 많나 했는데 금방 뚝딱 매끼 먹어요,, 4키로는 불러야겠어요,, 받은 지 일주일도 안됐는데 반도 안남았어요,,",5,2023.11.20.,구매자거주인원 3인영유아 가정유통기한아주 넉넉해요포장꼼꼼해요맛 만족도맛있어요,구매자거주인원 3인영유아 가정,아주 넉넉해요,꼼꼼해요,맛있어요
369,진짜  고기에  빠지면  서운할정도예요  박스채로  용량사고싶어요 ㅋㅋ안먹어본사람은 있어도 한번먹은사람은  없을정도로  재주문각입니다~~,5,2023.11.19.,유통기한아주 넉넉해요포장꼼꼼해요맛 만족도맛있어요,,아주 넉넉해요,꼼꼼해요,맛있어요
370,"식당서 궁채 장아찌 먹어보고
식감이 좋아서 주문했습니다",4,2023.11.19.,유통기한아주 넉넉해요포장꼼꼼해요맛 만족도맛있어요,,아주 넉넉해요,꼼꼼해요,맛있어요
371,맛있고 좋아요 굿굿,5,2023.11.18.,유통기한아주 넉넉해요포장꼼꼼해요맛 만족도맛있어요,,아주 넉넉해요,꼼꼼해요,맛있어요
372,맛있어요  감사합니다 ㅡㅡ,5,2023.11.18.,유통기한아주 넉넉해요포장꼼꼼해요맛 만족도맛있어요,,아주 넉넉해요,꼼꼼해요,맛있어요
373,간도맞고 식감이 아삭아삭 하게좋네요.,5,2023.11.17.,구매자거주인원 4인대가족유통기한아주 넉넉해요포장꼼꼼해요맛 만족도맛있어요,구매자거주인원 4인대가족,아주 넉넉해요,꼼꼼해요,맛있어요
374,맛잇긴해요 조금 달아요 땡초 집어넣었어요,5,2023.11.17.,맛 만족도평범해요유통기한꽤 남았어요포장적당해요,,평범해요,꽤 남았어요,적당해요
375,오는날 바로 저녁식사때 먹었습니다. 궁채장아찌는 낯설긴한데 맛도 영양도 좋아요,4,2023.11.17.,유통기한꽤 남았어요포장꼼꼼해요맛 만족도맛있어요,,꽤 남았어요,꼼꼼해요,맛있어요
376,"아삭아삭 새콤한 맛이 제가 기대했던 궁채짱아찌입니다^^
다먹고 또 주문할게요~",5,2023.11.17.,구매자거주인원 4인취학자녀 가정유통기한꽤 남았어요포장적당해요맛 만족도맛있어요,구매자거주인원 4인취학자녀 가정,꽤 남았어요,적당해요,맛있어요
377,"궁채는 아삭아삭 맛있어요 2번째 구매입니다 
삼은 처음인데.. 반찬으로는 좀 안울려요 요건 빨간 양념이 더 어울릴거 같은..",5,2023.11.16.,유통기한아주 넉넉해요포장꼼꼼해요맛 만족도맛있어요,,아주 넉넉해요,꼼꼼해요,맛있어요
378,저는 여기 궁채만 먹어요 ㅎㅎ,5,2023.11.15.,유통기한아주 넉넉해요포장꼼꼼해요맛 만족도맛있어요,,아주 넉넉해요,꼼꼼해요,맛있어요
379,친정에 보내줬는데 맛있다고합니다,4,2023.11.15.,유통기한아주 넉넉해요포장꼼꼼해요맛 만족도맛있어요,,아주 넉넉해요,꼼꼼해요,맛있어요
380,"궁채는 아삭아삭 맛있어요 2번째 구매입니다 
삼은 처음인데.. 반찬으로는 좀 안울려요 요건 빨간 양념이 더 어울릴거 같은..",5,2023.11.15.,유통기한꽤 남았어요포장적당해요맛 만족도맛있어요,,꽤 남았어요,적당해요,맛있어요
381,명이나물과 수제궁채가 처음이라,4,2023.11.15.,구매자거주인원 1인싱글유통기한아주 넉넉해요포장꼼꼼해요맛 만족도맛있어요,구매자거주인원 1인싱글,아주 넉넉해요,꼼꼼해요,맛있어요
382,아삭아삭 새콤하고 맛있어요,5,2023.11.15.,구매자거주인원 3인대가족유통기한아주 넉넉해요포장꼼꼼해요맛 만족도맛있어요,구매자거주인원 3인대가족,아주 넉넉해요,꼼꼼해요,맛있어요
383,포장 깔끔 맛도  좋길~~~~,4,2023.11.15.,맛 만족도평범해요유통기한꽤 남았어요포장적당해요,,평범해요,꽤 남았어요,적당해요
384,"장아찌 맛집이네요. 양파랑, 궁채 둘다 대만족이요. 배송도 빠릅니다",5,2023.11.14.,유통기한꽤 남았어요포장꼼꼼해요맛 만족도맛있어요,,꽤 남았어요,꼼꼼해요,맛있어요
385,궁채가 신맛이 좀 강하긴 해도 오독오독 씹히는 맛이 특이하고 맛있음,4,2023.11.14.,유통기한아주 넉넉해요포장꼼꼼해요맛 만족도맛있어요,,아주 넉넉해요,꼼꼼해요,맛있어요
386,"아삭 아삭 식감도 좋고
간장절임이 간이 짭조름하면서도 단맛도 적당이나서 고기랑 먹기 너무 좋아요.",5,2023.11.14.,유통기한아주 넉넉해요포장꼼꼼해요맛 만족도맛있어요,,아주 넉넉해요,꼼꼼해요,맛있어요
387,궁채장아찌가 간이 적당하고 아삭아삭 너무 맛있어요 배송상태도 좋아요 담에 또주문 할께요,5,2023.11.13.,유통기한아주 넉넉해요포장꼼꼼해요맛 만족도맛있어요,,아주 넉넉해요,꼼꼼해요,맛있어요
388,"종류별로 다 먹어보고 있는데
모두 다완전 맛나요",5,2023.11.13.,유통기한아주 넉넉해요포장꼼꼼해요맛 만족도맛있어요,,아주 넉넉해요,꼼꼼해요,맛있어요
389,"주변에서 맛있다고 주문해달라고해서 또주문했어요
정말 몇번째인지 몰라요
종류별로 다 맛나요~~^^",5,2023.11.13.,유통기한아주 넉넉해요포장꼼꼼해요맛 만족도맛있어요,,아주 넉넉해요,꼼꼼해요,맛있어요
390,리뷰 많은거 보고 시켰습니다 맛있어요,5,2023.11.13.,유통기한꽤 남았어요포장적당해요맛 만족도맛있어요,,꽤 남았어요,적당해요,맛있어요
391,집에서 담아 먹다가 귀찮아서 주문해봤어요  맛있어요,5,2023.11.13.,유통기한아주 넉넉해요포장꼼꼼해요맛 만족도맛있어요,,아주 넉넉해요,꼼꼼해요,맛있어요
392,아... 너무 맛있네요 ㅎㅎ 양도 넉넉해서 한동안 밑반찬으로 요긴하게 먹을것 같습니다.,5,2023.11.13.,유통기한꽤 남았어요포장꼼꼼해요맛 만족도맛있어요,,꽤 남았어요,꼼꼼해요,맛있어요
393,"부모님이 평소에 나물만 드셔보셨는데 장아찌도 드셔보고 싶다고 해서 알아보다가 평이 좋아서 주문해드렸습니다.
상품 포장상태가 깔끔해서 만족스럽고 맛도 좋다고 하시네요.
재구매 의사 있습니다.",5,2023.11.13.,유통기한아주 넉넉해요포장꼼꼼해요맛 만족도맛있어요,,아주 넉넉해요,꼼꼼해요,맛있어요
394,"저번에맛나서한번더시켰어요
잘먹겠습니다",5,2023.11.13.,유통기한아주 넉넉해요포장꼼꼼해요맛 만족도맛있어요,,아주 넉넉해요,꼼꼼해요,맛있어요
395,고깃집에서 먹어보고 맛있어서 시켜봤어요 식감이 좋네요,5,2023.11.12.,유통기한아주 넉넉해요포장꼼꼼해요맛 만족도맛있어요,,아주 넉넉해요,꼼꼼해요,맛있어요
396,진짜맛있어요 깔끔합니다굿굿,5,2023.11.11.,유통기한아주 넉넉해요포장꼼꼼해요맛 만족도맛있어요,,아주 넉넉해요,꼼꼼해요,맛있어요
397,배송도빠르고  가격도  저렴해서 매번구입합니다  감사합니다,5,2023.11.11.,유통기한아주 넉넉해요포장꼼꼼해요맛 만족도맛있어요,,아주 넉넉해요,꼼꼼해요,맛있어요
398,배송도빠르고  가격도  저렴해서 매번구입합니다  감사합니다,5,2023.11.11.,유통기한아주 넉넉해요포장꼼꼼해요맛 만족도맛있어요,,아주 넉넉해요,꼼꼼해요,맛있어요
399,"재구매예요
넘맛있어서 밥을 너무먹을꺼같은데
어쩌죠.....",5,2023.11.10.,구매자거주인원 4인대가족유통기한아주 넉넉해요포장꼼꼼해요맛 만족도맛있어요,구매자거주인원 4인대가족,아주 넉넉해요,꼼꼼해요,맛있어요
400,맛있습니다. 재구매할 의사 있습니다.,5,2023.11.10.,유통기한아주 넉넉해요포장꼼꼼해요맛 만족도맛있어요,,아주 넉넉해요,꼼꼼해요,맛있어요
401,맛있는데 좀덜짜며 밥도둑이 될듯하네요,5,2023.11.10.,유통기한아주 넉넉해요포장꼼꼼해요맛 만족도맛있어요,,아주 넉넉해요,꼼꼼해요,맛있어요
402,궁채 식감 그대로 장아찌로 먹으니 맛있어요.,5,2023.11.10.,유통기한꽤 남았어요포장적당해요맛 만족도맛있어요,,꽤 남았어요,적당해요,맛있어요
403,"안녕하세요.
맛있어서 재구매했어요~
감사합니다.",5,2023.11.10.,유통기한아주 넉넉해요포장꼼꼼해요맛 만족도맛있어요,,아주 넉넉해요,꼼꼼해요,맛있어요
404,"종류별로 다 골고루 먹어보고 있는중이에요
한결같이 다 맛나요",5,2023.11.10.,유통기한아주 넉넉해요포장꼼꼼해요맛 만족도맛있어요,,아주 넉넉해요,꼼꼼해요,맛있어요
405,새콤달콤하고 맛있어요,5,2023.11.09.,유통기한꽤 남았어요포장꼼꼼해요맛 만족도맛있어요,,꽤 남았어요,꼼꼼해요,맛있어요
406,아삭하니 정말 맛있어요,4,2023.11.09.,유통기한꽤 남았어요포장꼼꼼해요맛 만족도맛있어요,,꽤 남았어요,꼼꼼해요,맛있어요
407,좋아요. 맛있어요.,5,2023.11.09.,유통기한아주 넉넉해요포장꼼꼼해요맛 만족도맛있어요,,아주 넉넉해요,꼼꼼해요,맛있어요
408,매번 주문합니다 미국친구가 한국방문해서 보내려합니다,5,2023.11.08.,유통기한아주 넉넉해요포장꼼꼼해요맛 만족도맛있어요,,아주 넉넉해요,꼼꼼해요,맛있어요
409,깔끔한  맛이네요~배송도 빠르고~,5,2023.11.08.,유통기한아주 넉넉해요포장꼼꼼해요맛 만족도맛있어요,,아주 넉넉해요,꼼꼼해요,맛있어요
410,"사진과 같습니다.
빠른 배송 감사합니다.",3,2023.11.08.,맛 만족도평범해요유통기한꽤 남았어요포장적당해요,,평범해요,꽤 남았어요,적당해요
411,하나도 안짜고 오독오독 거리고 너무 맛나요 ㅜㅠ 계속 재구매 할거 같아요 ㅠㅠ,5,2023.11.08.,구매자거주인원 2인유통기한아주 넉넉해요포장꼼꼼해요맛 만족도맛있어요,구매자거주인원 2인,아주 넉넉해요,꼼꼼해요,맛있어요
412,이 식감을 너무 좋아해서 계속 찾고 먹게 되네요~맛도 맛있어요~다른 곳은 오래된 묵은맛이 나던데...여긴 전혀 그렇지않고 맛있네요~,5,2023.11.08.,유통기한꽤 남았어요포장꼼꼼해요맛 만족도맛있어요,,꽤 남았어요,꼼꼼해요,맛있어요
413,아삭아삭 고기 먹을때 딱이네요 맛있게 잘 먹을게요....,5,2023.11.07.,유통기한아주 넉넉해요포장꼼꼼해요맛 만족도맛있어요,,아주 넉넉해요,꼼꼼해요,맛있어요
414,한정식집에서 먹었는데 너무 맛있어서 폭풍검색끝에 주문했어요 맛있게 잘 먹을께요~,5,2023.11.07.,유통기한아주 넉넉해요포장꼼꼼해요맛 만족도맛있어요,,아주 넉넉해요,꼼꼼해요,맛있어요
415,너무 맛있어요  다 먹고 재구매도 했어요,5,2023.11.07.,구매자거주인원 2인신혼/부부유통기한꽤 남았어요포장꼼꼼해요맛 만족도맛있어요,구매자거주인원 2인신혼/부부,꽤 남았어요,꼼꼼해요,맛있어요
416,이번 구매한게 짜지도 않고 싱싱하고 맛있어용,5,2023.11.07.,유통기한아주 넉넉해요포장꼼꼼해요맛 만족도맛있어요,,아주 넉넉해요,꼼꼼해요,맛있어요
417,아이가 목이 장아찌는 좋아해요~,4,2023.11.07.,맛 만족도평범해요유통기한아주 넉넉해요포장꼼꼼해요,,평범해요,아주 넉넉해요,꼼꼼해요
418,"궁채특유의 단단하면서 아삭한 식감이 살아있어, 밥반찬으로 좋네요. 김밥에 넣고 싸니 아주 별미예요.",5,2023.11.06.,유통기한꽤 남았어요포장꼼꼼해요맛 만족도맛있어요,,꽤 남았어요,꼼꼼해요,맛있어요
419,빠른배송과 제품이 맛있고 식감이 좋네요.,5,2023.11.06.,구매자거주인원 4인대가족유통기한아주 넉넉해요포장꼼꼼해요맛 만족도맛있어요,구매자거주인원 4인대가족,아주 넉넉해요,꼼꼼해요,맛있어요
420,처음먹었는데아삭아삭 짜지도않고 맛있어요,5,2023.11.06.,구매자거주인원 3인유통기한아주 넉넉해요포장꼼꼼해요맛 만족도맛있어요,구매자거주인원 3인,아주 넉넉해요,꼼꼼해요,맛있어요
421,자주 먹고 있습니다,5,2023.11.05.,유통기한아주 넉넉해요포장꼼꼼해요맛 만족도맛있어요,,아주 넉넉해요,꼼꼼해요,맛있어요
422,맛있어서 또 주문했어요.,5,2023.11.05.,유통기한꽤 남았어요포장적당해요맛 만족도맛있어요,,꽤 남았어요,적당해요,맛있어요
423,가성비좋아여 재구매의사있어요,5,2023.11.05.,유통기한꽤 남았어요포장적당해요맛 만족도맛있어요,,꽤 남았어요,적당해요,맛있어요
424,포장상태 괜찮네요~ 엄마가 아프셔서 아직 잘 드시진 못한대요,3,2023.11.04.,맛 만족도평범해요유통기한꽤 남았어요포장적당해요,,평범해요,꽤 남았어요,적당해요
425,"갓 만든거 보내주셨네요ㅎ
맛있게 잘 먹을게요~",5,2023.11.04.,유통기한아주 넉넉해요포장꼼꼼해요맛 만족도맛있어요,,아주 넉넉해요,꼼꼼해요,맛있어요
426,고기랑 먹으면 진짜 맛있습니다. 입가심하기 좋아요.,5,2023.11.04.,유통기한아주 넉넉해요포장꼼꼼해요맛 만족도맛있어요,,아주 넉넉해요,꼼꼼해요,맛있어요
427,"남자친구도보내주고 우리집도 시켜먹고
간만에 생각나서 먹었는데 맛있네요",5,2023.11.04.,유통기한아주 넉넉해요포장꼼꼼해요맛 만족도맛있어요,,아주 넉넉해요,꼼꼼해요,맛있어요
428,남자친구한테도 보냈는데 맛있다고 바로 라면끓여먹네요,5,2023.11.04.,유통기한아주 넉넉해요포장꼼꼼해요맛 만족도맛있어요,,아주 넉넉해요,꼼꼼해요,맛있어요
429,새콤한맛이 조금 강해서.. 살짝만 약하면 나이드신 분들도 충분히 먹을수 있을것 같아요. 대신에 10대딸은 맛있다고 했어요~,4,2023.11.04.,유통기한꽤 남았어요포장꼼꼼해요맛 만족도맛있어요,,꽤 남았어요,꼼꼼해요,맛있어요
430,남편도 맛있다고 칭찬하네요~ 친정에도 보내드렸어요~ 감사합니다~,5,2023.11.04.,구매자거주인원 4인취학자녀 가정유통기한아주 넉넉해요포장꼼꼼해요맛 만족도맛있어요,구매자거주인원 4인취학자녀 가정,아주 넉넉해요,꼼꼼해요,맛있어요
431,아삭하고 맛있어요~ 밑반찬으로 잘 먹을께요~,5,2023.11.04.,유통기한아주 넉넉해요포장꼼꼼해요맛 만족도맛있어요,,아주 넉넉해요,꼼꼼해요,맛있어요
432,,5,2023.11.03.,유통기한아주 넉넉해요포장꼼꼼해요맛 만족도맛있어요,,아주 넉넉해요,꼼꼼해요,맛있어요
433,맛있어요 집안 반찬이라 구매했는데 잘 먹고 있어요~,5,2023.11.03.,유통기한꽤 남았어요포장적당해요맛 만족도맛있어요,,꽤 남았어요,적당해요,맛있어요
434,너무너무 좋앙요. 자주 구매할께요,5,2023.11.03.,구매자거주인원 4인취학자녀 가정유통기한아주 넉넉해요포장꼼꼼해요맛 만족도맛있어요,구매자거주인원 4인취학자녀 가정,아주 넉넉해요,꼼꼼해요,맛있어요
435,왜 인기가 많은지 알겠어요. 아삭아삭 식감 좋고 고기랑 먹거나 입맛 없을 때 먹으면 좋아요.,5,2023.11.03.,유통기한아주 넉넉해요포장꼼꼼해요맛 만족도맛있어요,,아주 넉넉해요,꼼꼼해요,맛있어요
436,"배송도 빠르고 진짜진짜  맛있어용^^
잘 먹을께용^^",5,2023.11.03.,유통기한아주 넉넉해요포장꼼꼼해요맛 만족도맛있어요,,아주 넉넉해요,꼼꼼해요,맛있어요
437,아직한통남았는데 맛있습니다.,5,2023.11.03.,구매자거주인원 2인신혼/부부유통기한아주 넉넉해요포장꼼꼼해요맛 만족도맛있어요,구매자거주인원 2인신혼/부부,아주 넉넉해요,꼼꼼해요,맛있어요
438,요번에 궁채 짱아찌가 좀맛이 다른거 같긴한데 머듬 짱아찌는 엄청 맛있게 먹었어요 ㅎ,5,2023.11.02.,유통기한아주 넉넉해요포장꼼꼼해요맛 만족도맛있어요,,아주 넉넉해요,꼼꼼해요,맛있어요
439,떨어지지 않토록  자주 주문해요..,5,2023.11.02.,구매자거주인원 4인취학자녀 가정유통기한아주 넉넉해요포장꼼꼼해요맛 만족도맛있어요,구매자거주인원 4인취학자녀 가정,아주 넉넉해요,꼼꼼해요,맛있어요
440,맛은있는데 자주는아니고 가끔먹어오,4,2023.11.02.,맛 만족도평범해요유통기한꽤 남았어요포장적당해요,,평범해요,꽤 남았어요,적당해요
441,포장이 꼼꼼하고 맛있어요!,5,2023.11.01.,유통기한아주 넉넉해요포장꼼꼼해요맛 만족도맛있어요,,아주 넉넉해요,꼼꼼해요,맛있어요
442,아삭하니  맛나요..다음에 재 구매할께요..,5,2023.11.01.,유통기한아주 넉넉해요포장꼼꼼해요맛 만족도맛있어요,,아주 넉넉해요,꼼꼼해요,맛있어요
443,"아삭하니  맛잇어요
갠적으론 덜새콤햇음 좋겠어요",4,2023.11.01.,유통기한꽤 남았어요포장꼼꼼해요맛 만족도맛있어요,,꽤 남았어요,꼼꼼해요,맛있어요
444,너무 맛있어요~~~~~~~~~,5,2023.11.01.,유통기한아주 넉넉해요포장꼼꼼해요맛 만족도맛있어요,,아주 넉넉해요,꼼꼼해요,맛있어요
445,항상 만족하는 상품입니다 앞으로도 꾸준히 먹으려구요,5,2023.10.31.,유통기한아주 넉넉해요포장꼼꼼해요맛 만족도맛있어요,,아주 넉넉해요,꼼꼼해요,맛있어요
446,"궁채 좋아하는데 담가서 먹어보려다가
손이 많이 간다길래 ㅋㅋ 그냥 샀어요 ㅋㅋ
사길 잘한것같아요 ㅋ 오독오독 넘 맛있어요 !
매콤하게 먹고싶어서 청양고추 두어개 잘라두었다가 며칠뒤에 먹었는데 매운맛이 우러나서 개인적으로 더 좋네요 ㅋㅋ",5,2023.10.31.,유통기한아주 넉넉해요포장꼼꼼해요맛 만족도맛있어요,,아주 넉넉해요,꼼꼼해요,맛있어요
447,오독오독 식감이 정말좋아요,5,2023.10.29.,유통기한아주 넉넉해요포장꼼꼼해요맛 만족도맛있어요,,아주 넉넉해요,꼼꼼해요,맛있어요
448,궁채장아찌 너무 맛있어영 최고에요,5,2023.10.29.,유통기한아주 넉넉해요포장꼼꼼해요맛 만족도맛있어요,,아주 넉넉해요,꼼꼼해요,맛있어요
449,짜지 않고 맛나요~,4,2023.10.29.,유통기한꽤 남았어요포장적당해요맛 만족도맛있어요,,꽤 남았어요,적당해요,맛있어요
450,"얼음팩1개 넣어주셨는데 여름도 아닌데
다 녹아서 터져 있어요. 개봉하니 안이 엉망이네요. 다행히 제품은 밀봉이 되어 괜찮은데 비닐에 한번 넣어서 배송해 주심 좋을것 같아요. 꺼내면서 찜찜했어요.",3,2023.10.29.,맛 만족도평범해요유통기한꽤 남았어요포장별로예요,,평범해요,꽤 남았어요,별로예요
451,맛있는데 저한테는 조금 간이 짜내요,4,2023.10.27.,구매자거주인원 4인취학자녀 가정맛 만족도평범해요유통기한아주 넉넉해요포장꼼꼼해요,구매자거주인원 4인취학자녀 가정,평범해요,아주 넉넉해요,꼼꼼해요
452,자주 시키는 반찬이에요 아버지가 맛있게 드시네요,5,2023.10.27.,유통기한아주 넉넉해요포장꼼꼼해요맛 만족도맛있어요,,아주 넉넉해요,꼼꼼해요,맛있어요
453,두번째 시켜먹어요 맛있어요,5,2023.10.27.,유통기한아주 넉넉해요포장꼼꼼해요맛 만족도맛있어요,,아주 넉넉해요,꼼꼼해요,맛있어요
454,깔끔하고 맛있어요~~,5,2023.10.27.,유통기한아주 넉넉해요포장꼼꼼해요맛 만족도맛있어요,,아주 넉넉해요,꼼꼼해요,맛있어요
455,맛있어서 재구매했어요,5,2023.10.27.,유통기한아주 넉넉해요포장꼼꼼해요맛 만족도맛있어요,,아주 넉넉해요,꼼꼼해요,맛있어요
456,후기에 낚였네요  식당서 맛본 그맛이 아니네요 ㅠ,1,2023.10.27.,맛 만족도맛 없어요유통기한꽤 남았어요포장적당해요,,맛 없어요,꽤 남았어요,적당해요
457,맛있어서 또주문했어요 깨끗하고...,5,2023.10.26.,구매자거주인원 4인유통기한아주 넉넉해요포장꼼꼼해요맛 만족도맛있어요,구매자거주인원 4인,아주 넉넉해요,꼼꼼해요,맛있어요
458,배송도 빠르고 맛있어요,5,2023.10.25.,유통기한꽤 남았어요포장꼼꼼해요맛 만족도맛있어요,,꽤 남았어요,꼼꼼해요,맛있어요
459,5번째구매중입니다.,5,2023.10.25.,유통기한아주 넉넉해요포장꼼꼼해요맛 만족도맛있어요,,아주 넉넉해요,꼼꼼해요,맛있어요
460,"너무맛있어요ㅠ
인생장아찌에요!!",5,2023.10.25.,유통기한아주 넉넉해요포장꼼꼼해요맛 만족도맛있어요,,아주 넉넉해요,꼼꼼해요,맛있어요
461,제입에는 짠맛이 강하네요 ㅠ,5,2023.10.25.,맛 만족도평범해요유통기한꽤 남았어요포장적당해요,,평범해요,꽤 남았어요,적당해요
462,재주문해서 먹는식품중에하나이고 맛있어요,5,2023.10.25.,유통기한꽤 남았어요포장적당해요맛 만족도맛있어요,,꽤 남았어요,적당해요,맛있어요
463,대체적으로  원했던  맛인데 좀  더  달고  새콤했으면  하네요,3,2023.10.25.,맛 만족도평범해요유통기한꽤 남았어요포장꼼꼼해요,,평범해요,꽤 남았어요,꼼꼼해요
464,빠른 배송에 잘 받았습니다.,5,2023.10.25.,유통기한꽤 남았어요포장적당해요맛 만족도맛있어요,,꽤 남았어요,적당해요,맛있어요
465,매달 시켜먹을정도로 맛있어요,5,2023.10.25.,유통기한꽤 남았어요포장적당해요맛 만족도맛있어요,,꽤 남았어요,적당해요,맛있어요
466,꼬들하니 맛있어요 매달 시켜먹어요,5,2023.10.25.,유통기한꽤 남았어요포장적당해요맛 만족도맛있어요,,꽤 남았어요,적당해요,맛있어요
467,"아이가 어릴때부터 유리네 궁채만 먹어요
아주맛있고 좋습니다 저번 궁채는 약간 거친
심지같은게 많아서 씹는식감이 몇몇 거북한게
있었는데 이번엔 아주좋아요!!",5,2023.10.24.,유통기한아주 넉넉해요포장꼼꼼해요맛 만족도맛있어요,,아주 넉넉해요,꼼꼼해요,맛있어요
468,아삭아삭하고 새콤해서 밥맛 없을 때 참 좋아요 맛있습니다,5,2023.10.24.,구매자거주인원 1인싱글유통기한아주 넉넉해요포장꼼꼼해요맛 만족도맛있어요,구매자거주인원 1인싱글,아주 넉넉해요,꼼꼼해요,맛있어요
469,"오독오독 아삭아삭 식감 최고구요
적당한 간의 장아찌라 좋았어요
너무 짜도 많이 못먹어 
시간지나도 꾀 남아 버리게 되는데
이건 적당해서 좋아요",5,2023.10.24.,구매자거주인원 3인취학자녀 가정유통기한꽤 남았어요포장꼼꼼해요맛 만족도맛있어요,구매자거주인원 3인취학자녀 가정,꽤 남았어요,꼼꼼해요,맛있어요
470,좋아요좋아요좋아요좋아요,5,2023.10.23.,유통기한아주 넉넉해요포장꼼꼼해요맛 만족도맛있어요,,아주 넉넉해요,꼼꼼해요,맛있어요
471,너무맛있어서 자주 구매합니다 번창하세요!,5,2023.10.23.,구매자거주인원 4인영유아 가정유통기한아주 넉넉해요포장꼼꼼해요맛 만족도맛있어요,구매자거주인원 4인영유아 가정,아주 넉넉해요,꼼꼼해요,맛있어요
472,너무맛있어서 자주 구매합니다 번창하세요!,5,2023.10.23.,구매자거주인원 4인영유아 가정유통기한아주 넉넉해요포장꼼꼼해요맛 만족도맛있어요,구매자거주인원 4인영유아 가정,아주 넉넉해요,꼼꼼해요,맛있어요
473,"다먹고 이제 또 주문하려구요
한달에 3개 너무 금방 먹네요 
맛있어요",5,2023.10.23.,구매자거주인원 2인신혼/부부유통기한꽤 남았어요포장꼼꼼해요맛 만족도맛있어요,구매자거주인원 2인신혼/부부,꽤 남았어요,꼼꼼해요,맛있어요
474,달콤 새콤하니 맛있습니다.,5,2023.10.22.,맛 만족도평범해요유통기한꽤 남았어요포장적당해요,,평범해요,꽤 남았어요,적당해요
475,궁채를  좋아하는데 짱아찌도 많이 드시는것같아 구매 해보았어요.  오독아삭? 누룽지 먹을때도 고기먹을때도 딱이네요^^,5,2023.10.22.,유통기한아주 넉넉해요포장꼼꼼해요맛 만족도맛있어요,,아주 넉넉해요,꼼꼼해요,맛있어요
476,"궁채 넘 좋아하는데 , 팔길래 주문했어요! 
아삭아삭 식감 좋고 간장 잘 달이셨네요~ 
진짜 밥도둑이에요! 포장도 꼼꼼하고 용기도 좋아요!",5,2023.10.21.,유통기한아주 넉넉해요포장꼼꼼해요맛 만족도맛있어요,,아주 넉넉해요,꼼꼼해요,맛있어요
477,"맛있네요.
한번은 재구매할듯",4,2023.10.21.,맛 만족도평범해요유통기한꽤 남았어요포장적당해요,,평범해요,꽤 남았어요,적당해요
478,맛있어서 재구매해요,5,2023.10.21.,유통기한아주 넉넉해요포장꼼꼼해요맛 만족도맛있어요,,아주 넉넉해요,꼼꼼해요,맛있어요
479,궁채라는걸  첨먹어봣는데  아삭아삭   맛있네요~,5,2023.10.21.,유통기한꽤 남았어요포장적당해요맛 만족도맛있어요,,꽤 남았어요,적당해요,맛있어요
480,궁채 장아찌는 유리네게 최고죠 이번에도 맛납니다 어른들도 잘드세요 많이파세요^~~,5,2023.10.21.,유통기한꽤 남았어요포장꼼꼼해요맛 만족도맛있어요,,꽤 남았어요,꼼꼼해요,맛있어요
481,아삭아삭하고 맛있어요,4,2023.10.20.,유통기한꽤 남았어요포장적당해요맛 만족도맛있어요,,꽤 남았어요,적당해요,맛있어요
482,아삭아삭하니  식감이 좋아요  삼겹살이랑 먹음 궁합이 좋아요,5,2023.10.19.,맛 만족도평범해요유통기한꽤 남았어요포장꼼꼼해요,,평범해요,꽤 남았어요,꼼꼼해요
483,잘 먹고 있어요 맛있어요,5,2023.10.19.,유통기한아주 넉넉해요포장꼼꼼해요맛 만족도맛있어요,,아주 넉넉해요,꼼꼼해요,맛있어요
484,잘 먹고있는 반찬~ 맛있습니다,5,2023.10.19.,구매자거주인원 4인취학자녀 가정유통기한꽤 남았어요포장꼼꼼해요맛 만족도맛있어요,구매자거주인원 4인취학자녀 가정,꽤 남았어요,꼼꼼해요,맛있어요
485,요즘 저희집은 김치를 안먹어요. 너무 맛있습니다. 또 주문할께요.,5,2023.10.19.,유통기한아주 넉넉해요포장꼼꼼해요맛 만족도맛있어요,,아주 넉넉해요,꼼꼼해요,맛있어요
486,"떨어지지 않게 미리미리 쟁여 놓은 밑반찬 입니다.
고기 먹을때, 김밥쌀때(단무지 대용) 등 냉장고에 항상 대기중인 밑반찬입니다.",5,2023.10.19.,유통기한아주 넉넉해요포장꼼꼼해요맛 만족도맛있어요,,아주 넉넉해요,꼼꼼해요,맛있어요
487,조아요 조아요 조아요 조아요 조아요 조아요,5,2023.10.18.,유통기한아주 넉넉해요포장꼼꼼해요맛 만족도맛있어요,,아주 넉넉해요,꼼꼼해요,맛있어요
488,첨가물 없는 장아찌 찾다가 발견하고 바로 주문했어요.아삭아삭하고 맛있어요!,5,2023.10.17.,유통기한아주 넉넉해요포장꼼꼼해요맛 만족도맛있어요,,아주 넉넉해요,꼼꼼해요,맛있어요
489,좋아요완벽하고또살게요굿,5,2023.10.17.,유통기한아주 넉넉해요포장꼼꼼해요맛 만족도맛있어요,,아주 넉넉해요,꼼꼼해요,맛있어요
490,"맛있어서 또 주문하려구요ㅋㅋ
대박나세요~~",5,2023.10.17.,유통기한아주 넉넉해요포장꼼꼼해요맛 만족도맛있어요,,아주 넉넉해요,꼼꼼해요,맛있어요
491,배송도빠르고좋아요 ㅎ,5,2023.10.16.,유통기한아주 넉넉해요포장꼼꼼해요맛 만족도맛있어요,,아주 넉넉해요,꼼꼼해요,맛있어요
492,궁채 처음 먹어봤는데 식감이 꼬득꼬득하고 장아찌인데도 너무 짜지 않고 맛있네요. 번창하세요.,5,2023.10.16.,유통기한꽤 남았어요포장꼼꼼해요맛 만족도맛있어요,,꽤 남았어요,꼼꼼해요,맛있어요
493,양도 넉넉하고 맛있어요,5,2023.10.16.,유통기한아주 넉넉해요포장꼼꼼해요맛 만족도맛있어요,,아주 넉넉해요,꼼꼼해요,맛있어요
494,"항상 잘 먹고 있습니다
아껴먹는다고 먹어도 너무 빨리 먹어서 큰일이네요",5,2023.10.14.,유통기한아주 넉넉해요포장적당해요맛 만족도맛있어요,,아주 넉넉해요,적당해요,맛있어요
495,믿고 먹는 장아찌~~  짜지 않고 아삭아삭 너무 맛나요^^,5,2023.10.14.,유통기한아주 넉넉해요포장꼼꼼해요맛 만족도맛있어요,,아주 넉넉해요,꼼꼼해요,맛있어요
496,잘받았습니다 맛있어보여요,5,2023.10.14.,유통기한아주 넉넉해요포장꼼꼼해요맛 만족도맛있어요,,아주 넉넉해요,꼼꼼해요,맛있어요
497,"당일에 만들어서 보내주신 것 같아요.
주문 일주일만에 반 먹었어요!",5,2023.10.13.,유통기한아주 넉넉해요포장적당해요맛 만족도맛있어요,,아주 넉넉해요,적당해요,맛있어요
498,"두번째 주문하고
아버지께서 좋아히십니다",4,2023.10.13.,유통기한꽤 남았어요포장적당해요맛 만족도맛있어요,,꽤 남았어요,적당해요,맛있어요
499,아삭하고 맛있네요~,5,2023.10.12.,유통기한아주 넉넉해요포장꼼꼼해요맛 만족도맛있어요,,아주 넉넉해요,꼼꼼해요,맛있어요
